slug_servico;slug_categoria;Categoria;Nome do Serviço;Órgão;Nome do Órgão;Modalidade;Link;Visitas;URL_Original
emitir-guia-de-licenciamento-anual100;transito-e-transportes;Transito E Transportes;Emitir guia de licenciamento anual;DETRAN;Departamento Estadual de Trânsito de Mato Grosso do Sul;Digital;https://www.ms.gov.br/transito-e-transportes/emitir-guia-de-licenciamento-anual100;43776;transito-e-transportes/emitir-guia-de-licenciamento-anual100
expedicao-de-carteira-de-identidade127;direitos-e-cidadania;Direitos E Cidadania;Solicitar carteira de identidade;CGP;Coordenadoria Geral de Perícias de Mato Grosso do Sul;Presencial;https://www.ms.gov.br/direitos-e-cidadania/expedicao-de-carteira-de-identidade127;27213;direitos-e-cidadania//expedicao-de-carteira-de-identidade127
pesquisar-viabilidade198;empresa-industria-e-comercio;Empresa Industria E Comercio;Pesquisar viabilidade;JUCEMS;Junta Comercial do Estado de Mato Grosso do Sul;Presencial;https://www.ms.gov.br/empresa-industria-e-comercio/pesquisar-viabilidade198;17061;empresa-industria-e-comercio/pesquisar-viabilidade198
portal-e-fazenda-cadastro135;financas-e-impostos;Financas E Impostos;e-Fazenda - cadastro;SEFAZ MS;Secretaria de Estado de Fazenda de Mato Grosso do Sul;Presencial;https://www.ms.gov.br/financas-e-impostos/portal-e-fazenda-cadastro135;15774;financas-e-impostos/portal-e-fazenda-cadastro135//index
delegacia-virtual-devir105;seguranca;Seguranca;Registrar boletim de ocorrências on-line;PCMS;Polícia Civil de Mato Grosso do Sul;Presencial;https://www.ms.gov.br/seguranca/delegacia-virtual-devir105;14965;seguranca/delegacia-virtual-devir105
ipva-consulta-de-debito54;financas-e-impostos;Financas E Impostos;IPVA - consulta de débito;SEFAZ MS;Secretaria de Estado de Fazenda de Mato Grosso do Sul;Presencial;https://www.ms.gov.br/financas-e-impostos/ipva-consulta-de-debito54;13664;financas-e-impostos/ipva-consulta-de-debito54
emitir-certidao-simplificada-digital84;empresa-industria-e-comercio;Empresa Industria E Comercio;Emitir certidão simplificada digital;JUCEMS;Junta Comercial do Estado de Mato Grosso do Sul;Híbrido;https://www.ms.gov.br/empresa-industria-e-comercio/emitir-certidao-simplificada-digital84;12583;empresa-industria-e-comercio/emitir-certidao-simplificada-digital84
certidao-tributaria-estadual-emissao152;financas-e-impostos;Financas E Impostos;Certidão tributária estadual - emissão (certidão negativa de débitos estaduais);SEFAZ MS;Secretaria de Estado de Fazenda de Mato Grosso do Sul;Presencial;https://www.ms.gov.br/financas-e-impostos/certidao-tributaria-estadual-emissao152;9991;financas-e-impostos/certidao-tributaria-estadual-emissao152
certidao-de-inteiro-teor-digital19;empresa-industria-e-comercio;Empresa Industria E Comercio;Emitir certidão de inteiro teor digital;JUCEMS;Junta Comercial do Estado de Mato Grosso do Sul;Híbrido;https://www.ms.gov.br/empresa-industria-e-comercio/certidao-de-inteiro-teor-digital19;7703;empresa-industria-e-comercio/certidao-de-inteiro-teor-digital19
expedicao-de-certidao-de-antecedentes-criminais35;seguranca;Seguranca;Emitir certidão de antecedentes criminais;CGP;Coordenadoria Geral de Perícias de Mato Grosso do Sul;Presencial;https://www.ms.gov.br/seguranca/expedicao-de-certidao-de-antecedentes-criminais35;7267;seguranca/expedicao-de-certidao-de-antecedentes-criminais35
documento-de-arrecadacao-do-estado-de-mato-grosso-do-sul-daems-emissao5;financas-e-impostos;Financas E Impostos;Documento de arrecadação do estado de Mato Grosso do Sul (DAEMS) - emissão;SEFAZ MS;Secretaria de Estado de Fazenda de Mato Grosso do Sul;Presencial;https://www.ms.gov.br/financas-e-impostos/documento-de-arrecadacao-do-estado-de-mato-grosso-do-sul-daems-emissao5;6260;financas-e-impostos/documento-de-arrecadacao-do-estado-de-mato-grosso-do-sul-daems-emissao5
patronato138;direitos-e-cidadania;Direitos E Cidadania;Solicitar Carteira de Visitante do Sistema Prisional;AGEPEN;Agência Estadual de Administração do Sistema Penitenciário;Híbrido;https://www.ms.gov.br/direitos-e-cidadania/patronato138;5758;direitos-e-cidadania//patronato138
falar-com-a-gloria167;comunicacao-e-transparencia;Comunicacao E Transparencia;Falar com a Glória;DETRAN;Departamento Estadual de Trânsito de Mato Grosso do Sul;Híbrido;https://www.ms.gov.br/comunicacao-e-transparencia/falar-com-a-gloria167;5711;comunicacao-e-transparencia/falar-com-a-gloria167//index
051-boletim-on-line-de-acidente-de-transito-atendimento-sem-vitimas170;seguranca;Seguranca;Realizar boletim on-line de acidente de trânsito – atendimento sem vítimas;PMMS;Polícia Militar de Mato Grosso do Sul;Presencial;https://www.ms.gov.br/seguranca/051-boletim-on-line-de-acidente-de-transito-atendimento-sem-vitimas170;5518;seguranca/051-boletim-on-line-de-acidente-de-transito-atendimento-sem-vitimas170
contestacao-administrativa-de-multa-autuacao-e-penalidades159;transito-e-transportes;Transito E Transportes;Contestar multa, autuação ou penalidades;DETRAN;Departamento Estadual de Trânsito de Mato Grosso do Sul;Digital;https://www.ms.gov.br/transito-e-transportes/contestacao-administrativa-de-multa-autuacao-e-penalidades159;4953;transito-e-transportes/contestacao-administrativa-de-multa-autuacao-e-penalidades159
emissao-da-carteira-nacional-de-habilitacao174;transito-e-transportes;Transito E Transportes;Pedir Renovação da Carteira Nacional de Habilitação - CNH;DETRAN;Departamento Estadual de Trânsito de Mato Grosso do Sul;Digital;https://www.ms.gov.br/transito-e-transportes/emissao-da-carteira-nacional-de-habilitacao174;4654;transito-e-transportes/emissao-da-carteira-nacional-de-habilitacao174
inscricaocadastro67;habitacao;Habitacao;Solicitar inscrição para participação nos programas habitacionais;AGEHAB;Agência de Habitação Popular de Mato Grosso do Sul;Presencial;https://www.ms.gov.br/habitacao/inscricaocadastro67;4463;habitacao/inscricaocadastro67
registro-de-boletins-de-ocorrencia-depac126;seguranca;Seguranca;Registrar boletins de ocorrência - B.O.;PCMS;Polícia Civil de Mato Grosso do Sul;Presencial;https://www.ms.gov.br/seguranca/registro-de-boletins-de-ocorrencia-depac126;4453;seguranca/registro-de-boletins-de-ocorrencia-depac126
anunciar-vagas-de-emprego-no-sine-sistema-nacional-de-emprego71;trabalho-emprego-e-previdencia;Trabalho Emprego E Previdencia;Consultar vagas de emprego;FUNTRAB;Fundação de Trabalho de Mato Grosso do Sul;Presencial;https://www.ms.gov.br/trabalho-emprego-e-previdencia/anunciar-vagas-de-emprego-no-sine-sistema-nacional-de-emprego71;4360;trabalho-emprego-e-previdencia/anunciar-vagas-de-emprego-no-sine-sistema-nacional-de-emprego71//index
emissao-de-autorizacoes-ambientais-para-a-pesca-amadora116;meio-ambiente;Meio Ambiente;Solicitar autorização ambiental para a pesca amadora e/ou desportiva;IMASUL;Instituto de Meio Ambiente de Mato Grosso do Sul;Digital;https://www.ms.gov.br/meio-ambiente/emissao-de-autorizacoes-ambientais-para-a-pesca-amadora116;4133;meio-ambiente/emissao-de-autorizacoes-ambientais-para-a-pesca-amadora116
ipva-troca-de-veiculo-reducao-p-pessoa-com-deficiencia-pcd39;financas-e-impostos;Financas E Impostos;IPVA - troca de veículo - redução para pessoa com deficiência (PCD);SEFAZ MS;Secretaria de Estado de Fazenda de Mato Grosso do Sul;Presencial;https://www.ms.gov.br/financas-e-impostos/ipva-troca-de-veiculo-reducao-p-pessoa-com-deficiencia-pcd39;3858;financas-e-impostos//ipva-troca-de-veiculo-reducao-p-pessoa-com-deficiencia-pcd39
emitir-certificado-de-conclusao-do-ensino-medio111;educacao-e-pesquisa;Educacao E Pesquisa;Emitir certificado do ensino médio;SED MS;Secretaria de Estado de Educação de Mato Grosso do Sul;Presencial;https://www.ms.gov.br/educacao-e-pesquisa/emitir-certificado-de-conclusao-do-ensino-medio111;3668;educacao-e-pesquisa/emitir-certificado-de-conclusao-do-ensino-medio111
solicitacao-de-inclusao-no-programa-mais-social118;assistencia-social;Assistencia Social;Solicitar inclusão no Programa Mais Social;SEAD;Secretaria de Estado de Assistência Social e Direitos Humanos;Presencial;https://www.ms.gov.br/assistencia-social/solicitacao-de-inclusao-no-programa-mais-social118;3308;assistencia-social//solicitacao-de-inclusao-no-programa-mais-social118
termo-de-verificacao-fiscal-tvf-ou-termo-de-apreensao-ta-baixa-ou-alteracao99;financas-e-impostos;Financas E Impostos;Termo de Verificação Fiscal (TVF) ou Termo de Apreensão (TA) - baixa ou alteração;SEFAZ MS;Secretaria de Estado de Fazenda de Mato Grosso do Sul;Presencial;https://www.ms.gov.br/financas-e-impostos/termo-de-verificacao-fiscal-tvf-ou-termo-de-apreensao-ta-baixa-ou-alteracao99;2767;financas-e-impostos/termo-de-verificacao-fiscal-tvf-ou-termo-de-apreensao-ta-baixa-ou-alteracao99
licenciamento-ambiental36;meio-ambiente;Meio Ambiente;Solicitar licença ambiental;IMASUL;Instituto de Meio Ambiente de Mato Grosso do Sul;Presencial;https://www.ms.gov.br/meio-ambiente/licenciamento-ambiental36;2383;meio-ambiente/licenciamento-ambiental36
pagamento-de-ipva-inscrito-em-divida-ativa134;administracao-publica;Administracao Publica;IPVA ou LICENCIAMENTO - emitir boleto;PGE MS;Procuradoria Geral do Estado de Mato Grosso do Sul;Híbrido;https://www.ms.gov.br/administracao-publica/pagamento-de-ipva-inscrito-em-divida-ativa134;2380;administracao-publica/pagamento-de-ipva-inscrito-em-divida-ativa134//index
registrar-extincao-de-empresa199;empresa-industria-e-comercio;Empresa Industria E Comercio;Registrar extinção de empresa;JUCEMS;Junta Comercial do Estado de Mato Grosso do Sul;Presencial;https://www.ms.gov.br/empresa-industria-e-comercio/registrar-extincao-de-empresa199;2379;empresa-industria-e-comercio/registrar-extincao-de-empresa199
consultar-notas-e-frequencia-de-estudantes143;educacao-e-pesquisa;Educacao E Pesquisa;Consultar notas e frequência de estudantes;SED MS;Secretaria de Estado de Educação de Mato Grosso do Sul;Presencial;https://www.ms.gov.br/educacao-e-pesquisa/consultar-notas-e-frequencia-de-estudantes143;2163;educacao-e-pesquisa//consultar-notas-e-frequencia-de-estudantes143
certidao-tributaria-estadual-emissao-certidao-circunstanciada-de-debitos-estaduais174;financas-e-impostos;Financas E Impostos;Certidão tributária estadual - emissão (certidão circunstanciada de débitos estaduais);SEFAZ MS;Secretaria de Estado de Fazenda de Mato Grosso do Sul;Presencial;https://www.ms.gov.br/financas-e-impostos/certidao-tributaria-estadual-emissao-certidao-circunstanciada-de-debitos-estaduais174;2032;financas-e-impostos/certidao-tributaria-estadual-emissao-certidao-circunstanciada-de-debitos-estaduais174
consulta-tributaria121;financas-e-impostos;Financas E Impostos;Consulta tributária;SEFAZ MS;Secretaria de Estado de Fazenda de Mato Grosso do Sul;Presencial;https://www.ms.gov.br/financas-e-impostos/consulta-tributaria121;1818;financas-e-impostos/consulta-tributaria121//index
solicitar-emissao-de-certidao-de-nascimento-e-documentos-basicos152;direitos-e-cidadania;Direitos E Cidadania;Solicitar emissão de certidão de nascimento e documentos básicos;SEAD;Secretaria de Estado de Assistência Social e Direitos Humanos;Presencial;https://www.ms.gov.br/direitos-e-cidadania/solicitar-emissao-de-certidao-de-nascimento-e-documentos-basicos152;1800;direitos-e-cidadania//solicitar-emissao-de-certidao-de-nascimento-e-documentos-basicos152
intermediacao-de-empregos7;trabalho-emprego-e-previdencia;Trabalho Emprego E Previdencia;Cadastrar às vagas de emprego;FUNTRAB;Fundação de Trabalho de Mato Grosso do Sul;Presencial;https://www.ms.gov.br/trabalho-emprego-e-previdencia/intermediacao-de-empregos7;1780;trabalho-emprego-e-previdencia/intermediacao-de-empregos7
localizar-pessoa-privada-de-liberdade21;seguranca;Seguranca;Localizar pessoa privada de liberdade;AGEPEN;Agência Estadual de Administração do Sistema Penitenciário;Digital;https://www.ms.gov.br/seguranca/localizar-pessoa-privada-de-liberdade21;1724;seguranca//localizar-pessoa-privada-de-liberdade21
ipva-reducao-do-ipva-para-proprietario-ou-possuidor-paraplegico-ou-portador-de-deficiencia-fisica104;financas-e-impostos;Financas E Impostos;IPVA - redução para pessoa com deficiência (PcD);SEFAZ MS;Secretaria de Estado de Fazenda de Mato Grosso do Sul;Presencial;https://www.ms.gov.br/financas-e-impostos/ipva-reducao-do-ipva-para-proprietario-ou-possuidor-paraplegico-ou-portador-de-deficiencia-fisica104;1638;financas-e-impostos/ipva-reducao-do-ipva-para-proprietario-ou-possuidor-paraplegico-ou-portador-de-deficiencia-fisica104
pedido-de-parcelamento-eou-pagamento-de-debito-inscrito-em-divida-ativa67;administracao-publica;Administracao Publica;Pagar ou parcelar débito inscrito em dívida ativa;PGE MS;Procuradoria Geral do Estado de Mato Grosso do Sul;Digital;https://www.ms.gov.br/administracao-publica/pedido-de-parcelamento-eou-pagamento-de-debito-inscrito-em-divida-ativa67;1613;administracao-publica/pedido-de-parcelamento-eou-pagamento-de-debito-inscrito-em-divida-ativa67//index
validar-documentos163;empresa-industria-e-comercio;Empresa Industria E Comercio;Validar documentos;JUCEMS;Junta Comercial do Estado de Mato Grosso do Sul;Híbrido;https://www.ms.gov.br/empresa-industria-e-comercio/validar-documentos163;1593;empresa-industria-e-comercio/validar-documentos163//index
nota-fiscal-eletronica-nf-e-credenciamento81;financas-e-impostos;Financas E Impostos;Nota fiscal eletrônica (NF-e), modelo 55 - credenciamento;SEFAZ MS;Secretaria de Estado de Fazenda de Mato Grosso do Sul;Presencial;https://www.ms.gov.br/financas-e-impostos/nota-fiscal-eletronica-nf-e-credenciamento81;1568;financas-e-impostos//nota-fiscal-eletronica-nf-e-credenciamento81
realizar-cursos-de-aperfeicoamento-carga-horaria-acima-de-120-horas150;educacao-e-pesquisa;Educacao E Pesquisa;Realizar cursos de aperfeiçoamento (carga horária acima de 120 horas);ESCOLAGOV;Fundação Escola de Governo;Presencial;https://www.ms.gov.br/educacao-e-pesquisa/realizar-cursos-de-aperfeicoamento-carga-horaria-acima-de-120-horas150;1548;educacao-e-pesquisa/realizar-cursos-de-aperfeicoamento-carga-horaria-acima-de-120-horas150
emissao-de-crlv-e-licenciamento-digital13;transito-e-transportes;Transito E Transportes;Emitir documento anual do veículo (CRLV-e);DETRAN;Departamento Estadual de Trânsito de Mato Grosso do Sul;Digital;https://www.ms.gov.br/transito-e-transportes/emissao-de-crlv-e-licenciamento-digital13;1378;transito-e-transportes//emissao-de-crlv-e-licenciamento-digital13
solicitar-atendimento-no-proconms97;direitos-e-cidadania;Direitos E Cidadania;Solicitar atendimento no Procon/MS;SEAD;Secretaria de Estado de Assistência Social e Direitos Humanos;Presencial;https://www.ms.gov.br/direitos-e-cidadania/solicitar-atendimento-no-proconms97;1371;direitos-e-cidadania//solicitar-atendimento-no-proconms97
credito-rural132;agropecuaria-e-vida-rural;Agropecuaria E Vida Rural;Solicitar atendimento técnico para acesso a recursos financeiros disponibilizados por instituições do sistema nacional de crédito rural;AGRAER;Agência de Desenvolvimento Agrário e Extensão Rural de Mato Grosso do Sul;Presencial;https://www.ms.gov.br/agropecuaria-e-vida-rural/credito-rural132;1364;agropecuaria-e-vida-rural//credito-rural132
realizar-consulta-de-processos2;meio-ambiente;Meio Ambiente;Realizar consulta de andamentos de processos;IMASUL;Instituto de Meio Ambiente de Mato Grosso do Sul;Digital;https://www.ms.gov.br/meio-ambiente/realizar-consulta-de-processos2;1349;meio-ambiente/realizar-consulta-de-processos2
consultar-tabela-de-precos56;empresa-industria-e-comercio;Empresa Industria E Comercio;Consultar tabela de preços;JUCEMS;Junta Comercial do Estado de Mato Grosso do Sul;Presencial;https://www.ms.gov.br/empresa-industria-e-comercio/consultar-tabela-de-precos56;1335;empresa-industria-e-comercio/consultar-tabela-de-precos56
pendencias-fiscais-eou-cadastrais-regularizacao149;financas-e-impostos;Financas E Impostos;Pendências fiscais e/ou cadastrais - regularização;SEFAZ MS;Secretaria de Estado de Fazenda de Mato Grosso do Sul;Presencial;https://www.ms.gov.br/financas-e-impostos/pendencias-fiscais-eou-cadastrais-regularizacao149;1310;financas-e-impostos//pendencias-fiscais-eou-cadastrais-regularizacao149
consulta-tabela-de-prazos71;empresa-industria-e-comercio;Empresa Industria E Comercio;Consultar tabela de prazos;JUCEMS;Junta Comercial do Estado de Mato Grosso do Sul;Presencial;https://www.ms.gov.br/empresa-industria-e-comercio/consulta-tabela-de-prazos71;1271;empresa-industria-e-comercio/consulta-tabela-de-prazos71
solicitacao-de-curso-de-reciclagem-para-condutores-infratores28;transito-e-transportes;Transito E Transportes;Cursar a Reciclagem para Condutor Infrator;DETRAN;Departamento Estadual de Trânsito de Mato Grosso do Sul;Presencial;https://www.ms.gov.br/transito-e-transportes/solicitacao-de-curso-de-reciclagem-para-condutores-infratores28;1193;transito-e-transportes/solicitacao-de-curso-de-reciclagem-para-condutores-infratores28
participar-do-programa-cnh-ms-social138;transito-e-transportes;Transito E Transportes;Participar do Programa CNH MS Social;DETRAN;Departamento Estadual de Trânsito de Mato Grosso do Sul;Presencial;https://www.ms.gov.br/transito-e-transportes/participar-do-programa-cnh-ms-social138;1182;transito-e-transportes//participar-do-programa-cnh-ms-social138
verificacao-de-vida-escolar-e-autenticidade-de-documentos-escolares-de-estudantes-do-sistema-de-ensino-de-mato-grosso-do-sul26;educacao-e-pesquisa;Educacao E Pesquisa;Solicitar a verificação de vida escolar e autenticidade de documentos escolares de estudantes do sistema de ensino de Mato Grosso do Sul;SED MS;Secretaria de Estado de Educação de Mato Grosso do Sul;Presencial;https://www.ms.gov.br/educacao-e-pesquisa/verificacao-de-vida-escolar-e-autenticidade-de-documentos-escolares-de-estudantes-do-sistema-de-ensino-de-mato-grosso-do-sul26;1032;educacao-e-pesquisa/verificacao-de-vida-escolar-e-autenticidade-de-documentos-escolares-de-estudantes-do-sistema-de-ensino-de-mato-grosso-do-sul26
solicitar-adicao-de-categoria-na-carteira-nacional-de-habilitacao-cnh144;transito-e-transportes;Transito E Transportes;Solicitar adição de categoria na Carteira Nacional de Habilitação - CNH;DETRAN;Departamento Estadual de Trânsito de Mato Grosso do Sul;Presencial;https://www.ms.gov.br/transito-e-transportes/solicitar-adicao-de-categoria-na-carteira-nacional-de-habilitacao-cnh144;1015;transito-e-transportes/solicitar-adicao-de-categoria-na-carteira-nacional-de-habilitacao-cnh144
requerer-certidao-de-tempo-de-contribuicao-eou-declaracao-de-tempo-de-contribuicao98;trabalho-emprego-e-previdencia;Trabalho Emprego E Previdencia;Requerer a certidão de tempo de contribuição e/ou declaração de tempo de contribuição;AGEPREV;Agência de Previdência Social de Mato Grosso do Sul;Presencial;https://www.ms.gov.br/trabalho-emprego-e-previdencia/requerer-certidao-de-tempo-de-contribuicao-eou-declaracao-de-tempo-de-contribuicao98;994;trabalho-emprego-e-previdencia//requerer-certidao-de-tempo-de-contribuicao-eou-declaracao-de-tempo-de-contribuicao98
registrar-pedido-de-acesso-a-informacao105;comunicacao-e-transparencia;Comunicacao E Transparencia;Fazer pedido de acesso à informação;CGE MS;Controladoria Geral do Estado de Mato Grosso do Sul;Digital;https://www.ms.gov.br/comunicacao-e-transparencia/registrar-pedido-de-acesso-a-informacao105;962;comunicacao-e-transparencia/registrar-pedido-de-acesso-a-informacao105
cadastro-de-fornecedores36;administracao-publica;Administracao Publica;Aderir ao cadastro de fornecedores;SAD;Secretaria de Estado de Administração de Mato Grosso do Sul;Presencial;https://www.ms.gov.br/administracao-publica/cadastro-de-fornecedores36;948;administracao-publica//cadastro-de-fornecedores36
emitir-no-formato-digital-a-carteira-de-identificacao-estudantil-de-mato-grosso-do-sul75;educacao-e-pesquisa;Educacao E Pesquisa;Emitir, no formato digital, a Carteira de Identificação Estudantil de Mato Grosso do Sul;SED MS;Secretaria de Estado de Educação de Mato Grosso do Sul;Digital;https://www.ms.gov.br/educacao-e-pesquisa/emitir-no-formato-digital-a-carteira-de-identificacao-estudantil-de-mato-grosso-do-sul75;919;educacao-e-pesquisa/emitir-no-formato-digital-a-carteira-de-identificacao-estudantil-de-mato-grosso-do-sul75
cadastro-do-comercio-industria-e-servicos-ccis-inscricao-de-empresas89;empresa-industria-e-comercio;Empresa Industria E Comercio;Cadastro do comércio, indústria e serviços (CCIS) - inscrição de empresas;SEFAZ MS;Secretaria de Estado de Fazenda de Mato Grosso do Sul;Presencial;https://www.ms.gov.br/empresa-industria-e-comercio/cadastro-do-comercio-industria-e-servicos-ccis-inscricao-de-empresas89;915;empresa-industria-e-comercio/cadastro-do-comercio-industria-e-servicos-ccis-inscricao-de-empresas89
emitir-daems-pagar-emolumentos-e-taxas-a-pge132;financas-e-impostos;Financas E Impostos;Emitir DAEMS – pagar emolumentos e taxas à PGE;PGE MS;Procuradoria Geral do Estado de Mato Grosso do Sul;Digital;https://www.ms.gov.br/financas-e-impostos/emitir-daems-pagar-emolumentos-e-taxas-a-pge132;908;financas-e-impostos/emitir-daems-pagar-emolumentos-e-taxas-a-pge132//index
cadastro-da-agropecuaria-cap-inscricao-de-produtor-rural119;agropecuaria-e-vida-rural;Agropecuaria E Vida Rural;Cadastro da agropecuária (CAP) - inscrição de produtor rural;SEFAZ MS;Secretaria de Estado de Fazenda de Mato Grosso do Sul;Presencial;https://www.ms.gov.br/agropecuaria-e-vida-rural/cadastro-da-agropecuaria-cap-inscricao-de-produtor-rural119;896;agropecuaria-e-vida-rural/cadastro-da-agropecuaria-cap-inscricao-de-produtor-rural119
realizar-programa-ou-cursos-de-capacitacao-continuada91;educacao-e-pesquisa;Educacao E Pesquisa;Realizar programa ou cursos de capacitação continuada;ESCOLAGOV;Fundação Escola de Governo;Presencial;https://www.ms.gov.br/educacao-e-pesquisa/realizar-programa-ou-cursos-de-capacitacao-continuada91;810;educacao-e-pesquisa/realizar-programa-ou-cursos-de-capacitacao-continuada91//index
cadastro-do-comercio-industria-e-servicos-ccis-alteracao-de-dados-cadastrais96;empresa-industria-e-comercio;Empresa Industria E Comercio;Cadastro do comércio, indústria e serviços (CCIS) - alteração de dados cadastrais;SEFAZ MS;Secretaria de Estado de Fazenda de Mato Grosso do Sul;Presencial;https://www.ms.gov.br/empresa-industria-e-comercio/cadastro-do-comercio-industria-e-servicos-ccis-alteracao-de-dados-cadastrais96;764;empresa-industria-e-comercio/cadastro-do-comercio-industria-e-servicos-ccis-alteracao-de-dados-cadastrais96
denuncia103;direitos-e-cidadania;Direitos E Cidadania;Registrar denúncia;PCMS;Polícia Civil de Mato Grosso do Sul;Híbrido;https://www.ms.gov.br/direitos-e-cidadania/denuncia103;758;direitos-e-cidadania/denuncia103
curso-de-formacao-de-condutores-para-1o-habilitacao58;transito-e-transportes;Transito E Transportes;Curso de Formação de condutores para 1º habilitação;DETRAN;Departamento Estadual de Trânsito de Mato Grosso do Sul;Presencial;https://www.ms.gov.br/transito-e-transportes/curso-de-formacao-de-condutores-para-1o-habilitacao58;747;transito-e-transportes//curso-de-formacao-de-condutores-para-1o-habilitacao58
pedido-de-acesso-a-informacao14;direitos-e-cidadania;Direitos E Cidadania;Fazer pedido de  acesso à informação;PCMS;Polícia Civil de Mato Grosso do Sul;Presencial;https://www.ms.gov.br/direitos-e-cidadania/pedido-de-acesso-a-informacao14;745;direitos-e-cidadania/pedido-de-acesso-a-informacao14//index
atendimento-via-whatsapp25;habitacao;Habitacao;Solicitar atendimento via whatsapp;AGEHAB;Agência de Habitação Popular de Mato Grosso do Sul;Presencial;https://www.ms.gov.br/habitacao/atendimento-via-whatsapp25;720;habitacao/atendimento-via-whatsapp25
emitir-nota-fiscal-de-consumidor-eletronica170;financas-e-impostos;Financas E Impostos;Nota fiscal de consumidor eletrônica (NFC-e), modelo 65 - credenciamento e CSC;SEFAZ MS;Secretaria de Estado de Fazenda de Mato Grosso do Sul;Presencial;https://www.ms.gov.br/financas-e-impostos/emitir-nota-fiscal-de-consumidor-eletronica170;708;financas-e-impostos//emitir-nota-fiscal-de-consumidor-eletronica170
solicitar-certidao-de-ocorrencia123;seguranca;Seguranca;Obter certidão de ocorrência;CBMMS;Corpo de Bombeiros Militar;Presencial;https://www.ms.gov.br/seguranca/solicitar-certidao-de-ocorrencia123;705;seguranca/solicitar-certidao-de-ocorrencia123
solicitacao-de-primeiro-registro-de-veiculo121;transito-e-transportes;Transito E Transportes;Solicitar primeiro emplacamento de veículo;DETRAN;Departamento Estadual de Trânsito de Mato Grosso do Sul;Digital;https://www.ms.gov.br/transito-e-transportes/solicitacao-de-primeiro-registro-de-veiculo121;705;transito-e-transportes/solicitacao-de-primeiro-registro-de-veiculo121//index
solicitar-carteira-de-identificacao-por-nome-social-cns171;direitos-e-cidadania;Direitos E Cidadania;Solicitar carteira de identificação por nome social - CNS;SEC;Secretaria de Estado da Cidadania;Presencial;https://www.ms.gov.br/direitos-e-cidadania/solicitar-carteira-de-identificacao-por-nome-social-cns171;698;direitos-e-cidadania//solicitar-carteira-de-identificacao-por-nome-social-cns171
emitir-no-formato-digital-a-carteira-de-identificacao-da-pessoa-com-transtorno-do-espectro-autista63;assistencia-social;Assistencia Social;Emitir, no formato digital, a Carteira de Identificação da Pessoa com Transtorno do Espectro Autista;SEAD;Secretaria de Estado de Assistência Social e Direitos Humanos;Digital;https://www.ms.gov.br/assistencia-social/emitir-no-formato-digital-a-carteira-de-identificacao-da-pessoa-com-transtorno-do-espectro-autista63;684;assistencia-social//emitir-no-formato-digital-a-carteira-de-identificacao-da-pessoa-com-transtorno-do-espectro-autista63
emissao-de-guias-para-pagamento-de-multas173;transito-e-transportes;Transito E Transportes;Emitir guias para pagamento de multas;DETRAN;Departamento Estadual de Trânsito de Mato Grosso do Sul;Digital;https://www.ms.gov.br/transito-e-transportes/emissao-de-guias-para-pagamento-de-multas173;681;transito-e-transportes//emissao-de-guias-para-pagamento-de-multas173
cadastro-de-contabilistas-inclusao-e-alteracao-de-dados-do-contabilista76;financas-e-impostos;Financas E Impostos;Cadastro de contabilistas - inclusão e alteração de dados do contabilista;SEFAZ MS;Secretaria de Estado de Fazenda de Mato Grosso do Sul;Presencial;https://www.ms.gov.br/financas-e-impostos/cadastro-de-contabilistas-inclusao-e-alteracao-de-dados-do-contabilista76;656;financas-e-impostos/cadastro-de-contabilistas-inclusao-e-alteracao-de-dados-do-contabilista76
estatisticas-online118;comunicacao-e-transparencia;Comunicacao E Transparencia;Acessar os dados estatísticos online;SEJUSP;Secretaria de Estado de Justiça e Segurança Pública de Mato Grosso do Sul;Digital;https://www.ms.gov.br/comunicacao-e-transparencia/estatisticas-online118;654;comunicacao-e-transparencia/estatisticas-online118//index
solicitacao-de-atualizacao-de-endereco-do-condutor117;transito-e-transportes;Transito E Transportes;Atualizar endereço do veículo;DETRAN;Departamento Estadual de Trânsito de Mato Grosso do Sul;Presencial;https://www.ms.gov.br/transito-e-transportes/solicitacao-de-atualizacao-de-endereco-do-condutor117;644;transito-e-transportes/solicitacao-de-atualizacao-de-endereco-do-condutor117
certidao-tributaria-estadual-emissao-certidao-positiva-de-debitos-estaduais200;financas-e-impostos;Financas E Impostos;Certidão tributária estadual - emissão (certidão positiva de débitos estaduais);SEFAZ MS;Secretaria de Estado de Fazenda de Mato Grosso do Sul;Presencial;https://www.ms.gov.br/financas-e-impostos/certidao-tributaria-estadual-emissao-certidao-positiva-de-debitos-estaduais200;606;financas-e-impostos/certidao-tributaria-estadual-emissao-certidao-positiva-de-debitos-estaduais200
habilitacao-de-ficha-sanitaria26;agropecuaria-e-vida-rural;Agropecuaria E Vida Rural;Habilitar ficha sanitária;IAGRO;Agência Estadual de Defesa Sanitária Animal Vegetal  Mato Grosso do Sul;Presencial;https://www.ms.gov.br/agropecuaria-e-vida-rural/habilitacao-de-ficha-sanitaria26;592;agropecuaria-e-vida-rural//habilitacao-de-ficha-sanitaria26
licitacao-na-modalidade-leilao189;administracao-publica;Administracao Publica;Participar de licitação na modalidade leilão;SAD;Secretaria de Estado de Administração de Mato Grosso do Sul;Híbrido;https://www.ms.gov.br/administracao-publica/licitacao-na-modalidade-leilao189;580;administracao-publica//licitacao-na-modalidade-leilao189
cadastro-do-comercio-industria-e-servicos-ccis-inscricao-estadual-temporaria-para-empresas-do-ramo-de-construcao-civil175;empresa-industria-e-comercio;Empresa Industria E Comercio;Cadastro do comércio, indústria e serviços (CCIS) - inscrição estadual temporária para empresas do ramo de construção civil;SEFAZ MS;Secretaria de Estado de Fazenda de Mato Grosso do Sul;Presencial;https://www.ms.gov.br/empresa-industria-e-comercio/cadastro-do-comercio-industria-e-servicos-ccis-inscricao-estadual-temporaria-para-empresas-do-ramo-de-construcao-civil175;547;empresa-industria-e-comercio/cadastro-do-comercio-industria-e-servicos-ccis-inscricao-estadual-temporaria-para-empresas-do-ramo-de-construcao-civil175//index
restituicao-do-indebito-tributario-pedido172;financas-e-impostos;Financas E Impostos;Restituição/Ressarcimento de indébito tributário - pedido;SEFAZ MS;Secretaria de Estado de Fazenda de Mato Grosso do Sul;Presencial;https://www.ms.gov.br/financas-e-impostos/restituicao-do-indebito-tributario-pedido172;530;financas-e-impostos/restituicao-do-indebito-tributario-pedido172
solicitaremitir-licenca-de-aprendizagem-de-direcao-veicular-ladv2;transito-e-transportes;Transito E Transportes;Solicitar licença de aprendizagem de direção veicular - LADV;DETRAN;Departamento Estadual de Trânsito de Mato Grosso do Sul;Digital;https://www.ms.gov.br/transito-e-transportes/solicitaremitir-licenca-de-aprendizagem-de-direcao-veicular-ladv2;528;transito-e-transportes//solicitaremitir-licenca-de-aprendizagem-de-direcao-veicular-ladv2
solicitar-atestado-de-permanencia-carceraria48;direitos-e-cidadania;Direitos E Cidadania;Solicitar atestado de permanência carcerária;AGEPEN;Agência Estadual de Administração do Sistema Penitenciário;Híbrido;https://www.ms.gov.br/direitos-e-cidadania/solicitar-atestado-de-permanencia-carceraria48;514;direitos-e-cidadania//solicitar-atestado-de-permanencia-carceraria48
ipva-isencoes-exceto-para-veiculo-rodoviario-utilizado-como-taxi4;financas-e-impostos;Financas E Impostos;IPVA - isenção geral (exceto táxi);SEFAZ MS;Secretaria de Estado de Fazenda de Mato Grosso do Sul;Presencial;https://www.ms.gov.br/financas-e-impostos/ipva-isencoes-exceto-para-veiculo-rodoviario-utilizado-como-taxi4;512;financas-e-impostos/ipva-isencoes-exceto-para-veiculo-rodoviario-utilizado-como-taxi4
solicitacao-de-atendimento-aos-consumidores-endividadossuperendividados101;direitos-e-cidadania;Direitos E Cidadania;Solicitar atendimento aos consumidores endividados e superendividados;SEAD;Secretaria de Estado de Assistência Social e Direitos Humanos;Presencial;https://www.ms.gov.br/direitos-e-cidadania/solicitacao-de-atendimento-aos-consumidores-endividadossuperendividados101;499;direitos-e-cidadania//solicitacao-de-atendimento-aos-consumidores-endividadossuperendividados101
cadastrar-marca-de-rebanho2;agropecuaria-e-vida-rural;Agropecuaria E Vida Rural;Cadastrar marca de rebanho;IAGRO;Agência Estadual de Defesa Sanitária Animal Vegetal  Mato Grosso do Sul;Presencial;https://www.ms.gov.br/agropecuaria-e-vida-rural/cadastrar-marca-de-rebanho2;499;agropecuaria-e-vida-rural/cadastrar-marca-de-rebanho2
solicitacao-de-passe-livre-intermunicipal62;assistencia-social;Assistencia Social;Solicitar carteira do Passe Livre Intermunicipal;SEAD;Secretaria de Estado de Assistência Social e Direitos Humanos;Presencial;https://www.ms.gov.br/assistencia-social/solicitacao-de-passe-livre-intermunicipal62;483;assistencia-social//solicitacao-de-passe-livre-intermunicipal62
solicitacao-de-aplicacao-de-exames-de-habilitacao-teorico-e-pratico143;transito-e-transportes;Transito E Transportes;Solicitar Agendamento de Exame/Reexame Teórico Técnico;DETRAN;Departamento Estadual de Trânsito de Mato Grosso do Sul;Digital;https://www.ms.gov.br/transito-e-transportes/solicitacao-de-aplicacao-de-exames-de-habilitacao-teorico-e-pratico143;441;transito-e-transportes//solicitacao-de-aplicacao-de-exames-de-habilitacao-teorico-e-pratico143
cadastrar-empresas-e-profissionais-que-exercam-atividades-relacionadas-a-prevencao-contra-incendio-panico-e-outros-riscos71;seguranca;Seguranca;Cadastrar empresas e profissionais que exerçam atividades relacionadas à prevenção contra incêndio, pânico e outros riscos;CBMMS;Corpo de Bombeiros Militar;Presencial;https://www.ms.gov.br/seguranca/cadastrar-empresas-e-profissionais-que-exercam-atividades-relacionadas-a-prevencao-contra-incendio-panico-e-outros-riscos71;440;seguranca/cadastrar-empresas-e-profissionais-que-exercam-atividades-relacionadas-a-prevencao-contra-incendio-panico-e-outros-riscos71//index
solicitar-pedido-de-vista-e-copia-sistema-e-ms108;administracao-publica;Administracao Publica;Solicitar pedido de vista e cópia;PCMS;Polícia Civil de Mato Grosso do Sul;Digital;https://www.ms.gov.br/administracao-publica/solicitar-pedido-de-vista-e-copia-sistema-e-ms108;440;administracao-publica/solicitar-pedido-de-vista-e-copia-sistema-e-ms108
auto-de-lancamento-e-de-imposicao-de-multa-alim-mod-2-solicitacao-de-lavratura-referente-a-tvf-eou-ta198;financas-e-impostos;Financas E Impostos;Auto de lançamento e de imposição de multa (ALIM), mod. 2 - solicitação de lavratura referente a TVF e/ou TA - contraditório e ampla defesa;SEFAZ MS;Secretaria de Estado de Fazenda de Mato Grosso do Sul;Presencial;https://www.ms.gov.br/financas-e-impostos/auto-de-lancamento-e-de-imposicao-de-multa-alim-mod-2-solicitacao-de-lavratura-referente-a-tvf-eou-ta198;428;financas-e-impostos/auto-de-lancamento-e-de-imposicao-de-multa-alim-mod-2-solicitacao-de-lavratura-referente-a-tvf-eou-ta198
oferta-do-ensino-fundamental194;educacao-e-pesquisa;Educacao E Pesquisa;Solicitar matrícula no ensino fundamental;SED MS;Secretaria de Estado de Educação de Mato Grosso do Sul;Presencial;https://www.ms.gov.br/educacao-e-pesquisa/oferta-do-ensino-fundamental194;420;educacao-e-pesquisa/oferta-do-ensino-fundamental194//index
inscricao-em-divida-ativa-certidao131;administracao-publica;Administracao Publica;Solicitar Certidão de Regularidade Fiscal;PGE MS;Procuradoria Geral do Estado de Mato Grosso do Sul;Digital;https://www.ms.gov.br/administracao-publica/inscricao-em-divida-ativa-certidao131;420;administracao-publica/inscricao-em-divida-ativa-certidao131
nota-fiscal-fatura-de-servicos-de-comunicacao-nfcom-credenciamento-voluntario185;financas-e-impostos;Financas E Impostos;Nota fiscal fatura de serviços de comunicação eletrônica (NFCom) - credenciamento voluntário;SEFAZ MS;Secretaria de Estado de Fazenda de Mato Grosso do Sul;Presencial;https://www.ms.gov.br/financas-e-impostos/nota-fiscal-fatura-de-servicos-de-comunicacao-nfcom-credenciamento-voluntario185;418;financas-e-impostos//nota-fiscal-fatura-de-servicos-de-comunicacao-nfcom-credenciamento-voluntario185
auto-de-lancamento-e-de-imposicao-de-multa-alim-mod-1-solicitacao-de-lavratura97;financas-e-impostos;Financas E Impostos;Auto de lançamento e de imposição de multa (ALIM), mod. 1 - solicitação de lavratura;SEFAZ MS;Secretaria de Estado de Fazenda de Mato Grosso do Sul;Presencial;https://www.ms.gov.br/financas-e-impostos/auto-de-lancamento-e-de-imposicao-de-multa-alim-mod-1-solicitacao-de-lavratura97;416;financas-e-impostos/auto-de-lancamento-e-de-imposicao-de-multa-alim-mod-1-solicitacao-de-lavratura97//index
nota-fiscal-avulsa-eletronica-nfa-e-emissao185;financas-e-impostos;Financas E Impostos;Nota fiscal avulsa eletrônica (NFA-e) - emissão;SEFAZ MS;Secretaria de Estado de Fazenda de Mato Grosso do Sul;Presencial;https://www.ms.gov.br/financas-e-impostos/nota-fiscal-avulsa-eletronica-nfa-e-emissao185;404;financas-e-impostos/nota-fiscal-avulsa-eletronica-nfa-e-emissao185
atender-registrar-e-apurar-as-infracoes-penais-que-configurem-violencia-e-familiar-contra-a-mulher40;seguranca;Seguranca;Atender, Registrar e Apurar as infrações penais que configurem violência e familiar contra a mulher;PCMS;Polícia Civil de Mato Grosso do Sul;Presencial;https://www.ms.gov.br/seguranca/atender-registrar-e-apurar-as-infracoes-penais-que-configurem-violencia-e-familiar-contra-a-mulher40;402;seguranca/atender-registrar-e-apurar-as-infracoes-penais-que-configurem-violencia-e-familiar-contra-a-mulher40
emitir-licenca-de-viagem-eventualturistica-lve172;transito-e-transportes;Transito E Transportes;Emitir licença de viagem eventual ou turística intermunicipal;AGEMS;Agência Estadual de Regulação de Serviços Públicos de Mato Grosso do Sul;Presencial;https://www.ms.gov.br/transito-e-transportes/emitir-licenca-de-viagem-eventualturistica-lve172;392;transito-e-transportes/emitir-licenca-de-viagem-eventualturistica-lve172//index
fazer-transferencia-digital-de-veiculo196;transito-e-transportes;Transito E Transportes;Fazer transferência digital de veículo;DETRAN;Departamento Estadual de Trânsito de Mato Grosso do Sul;Digital;https://www.ms.gov.br/transito-e-transportes/fazer-transferencia-digital-de-veiculo196;368;transito-e-transportes//fazer-transferencia-digital-de-veiculo196
solicitar-certificados-de-vistorias-ou-outros-procedimentos-relacionados-a-seguranca-contra-incendio-panico-e-outros-riscos146;seguranca;Seguranca;Solicitar vistorias relacionadas à segurança contra incêndio, pânico e outros riscos;CBMMS;Corpo de Bombeiros Militar;Presencial;https://www.ms.gov.br/seguranca/solicitar-certificados-de-vistorias-ou-outros-procedimentos-relacionados-a-seguranca-contra-incendio-panico-e-outros-riscos146;367;seguranca/solicitar-certificados-de-vistorias-ou-outros-procedimentos-relacionados-a-seguranca-contra-incendio-panico-e-outros-riscos146
pedido-de-acesso-a-informacao37;comunicacao-e-transparencia;Comunicacao E Transparencia;Fazer pedido de acesso à informação;AGEHAB;Agência de Habitação Popular de Mato Grosso do Sul;Digital;https://www.ms.gov.br/comunicacao-e-transparencia/pedido-de-acesso-a-informacao37;359;comunicacao-e-transparencia/pedido-de-acesso-a-informacao37
anunciar-vagas-de-emprego-atraves-de-plataforma51;trabalho-emprego-e-previdencia;Trabalho Emprego E Previdencia;Anunciar vagas de emprego;FUNTRAB;Fundação de Trabalho de Mato Grosso do Sul;Digital;https://www.ms.gov.br/trabalho-emprego-e-previdencia/anunciar-vagas-de-emprego-atraves-de-plataforma51;358;trabalho-emprego-e-previdencia/anunciar-vagas-de-emprego-atraves-de-plataforma51
solicitar-transferencia-de-estudante129;educacao-e-pesquisa;Educacao E Pesquisa;Solicitar transferência de estudante;SED MS;Secretaria de Estado de Educação de Mato Grosso do Sul;Presencial;https://www.ms.gov.br/educacao-e-pesquisa/solicitar-transferencia-de-estudante129;352;educacao-e-pesquisa/solicitar-transferencia-de-estudante129
auto-de-lancamento-e-de-imposicao-de-multa-alim-mod-2-solicitacao-de-lavratura-referente-a-tvf-eou-ta-parcelamento-de-debito-fiscal101;financas-e-impostos;Financas E Impostos;Auto de lançamento e de imposição de multa (ALIM), mod. 2 - solicitação de lavratura referente a TVF e/ou TA - parcelamento de débito fiscal;SEFAZ MS;Secretaria de Estado de Fazenda de Mato Grosso do Sul;Presencial;https://www.ms.gov.br/financas-e-impostos/auto-de-lancamento-e-de-imposicao-de-multa-alim-mod-2-solicitacao-de-lavratura-referente-a-tvf-eou-ta-parcelamento-de-debito-fiscal101;352;financas-e-impostos/auto-de-lancamento-e-de-imposicao-de-multa-alim-mod-2-solicitacao-de-lavratura-referente-a-tvf-eou-ta-parcelamento-de-debito-fiscal101
cadastro-do-comercio-industria-e-servicos-ccis-reativacao-da-inscricao-estadual105;empresa-industria-e-comercio;Empresa Industria E Comercio;Cadastro do comércio, indústria e serviços (CCIS) - reativação da inscrição estadual;SEFAZ MS;Secretaria de Estado de Fazenda de Mato Grosso do Sul;Presencial;https://www.ms.gov.br/empresa-industria-e-comercio/cadastro-do-comercio-industria-e-servicos-ccis-reativacao-da-inscricao-estadual105;343;empresa-industria-e-comercio//cadastro-do-comercio-industria-e-servicos-ccis-reativacao-da-inscricao-estadual105
auto-de-lancamento-e-de-imposicao-de-multa-alim-impugnacao83;financas-e-impostos;Financas E Impostos;Auto de lançamento e de imposição de multa (ALIM) - impugnação;SEFAZ MS;Secretaria de Estado de Fazenda de Mato Grosso do Sul;Presencial;https://www.ms.gov.br/financas-e-impostos/auto-de-lancamento-e-de-imposicao-de-multa-alim-impugnacao83;336;financas-e-impostos/auto-de-lancamento-e-de-imposicao-de-multa-alim-impugnacao83
pre-matricula-presencial-e-digital194;educacao-e-pesquisa;Educacao E Pesquisa;Solicitar pré-matrícula presencial e digital;SED MS;Secretaria de Estado de Educação de Mato Grosso do Sul;Presencial;https://www.ms.gov.br/educacao-e-pesquisa/pre-matricula-presencial-e-digital194;334;educacao-e-pesquisa/pre-matricula-presencial-e-digital194//index
registrar-abertura-de-empresa14;empresa-industria-e-comercio;Empresa Industria E Comercio;Registrar abertura ou alteração de empresa;JUCEMS;Junta Comercial do Estado de Mato Grosso do Sul;Presencial;https://www.ms.gov.br/empresa-industria-e-comercio/registrar-abertura-de-empresa14;330;empresa-industria-e-comercio//registrar-abertura-de-empresa14
cadastro-do-comercio-industria-e-servicos-ccis-inscricao-de-contribuinte-localizado-em-outras-unidades-da-federacao-como-responsavel-pelo-recolhimento-do-icms-nas-operacoes-destinadas-a-consumidor-final-icms-difcon53;empresa-industria-e-comercio;Empresa Industria E Comercio;Cadastro do comércio, indústria e serviços (CCIS) - inscrição de contribuinte localizado em outras unidades da federação como responsável pelo recolhimento do ICMS nas operações destinadas a consumidor final (ICMS DIFCON);SEFAZ MS;Secretaria de Estado de Fazenda de Mato Grosso do Sul;Presencial;https://www.ms.gov.br/empresa-industria-e-comercio/cadastro-do-comercio-industria-e-servicos-ccis-inscricao-de-contribuinte-localizado-em-outras-unidades-da-federacao-como-responsavel-pelo-recolhimento-do-icms-nas-operacoes-destinadas-a-consumidor-final-icms-difcon53;330;empresa-industria-e-comercio/cadastro-do-comercio-industria-e-servicos-ccis-inscricao-de-contribuinte-localizado-em-outras-unidades-da-federacao-como-responsavel-pelo-recolhimento-do-icms-nas-operacoes-destinadas-a-consumidor-final-icms-difcon53
curso-normal-medio-habilitacao-para-docencia-na-educacao-infantil-e-anos-iniciais-do-ensino-fundamental160;educacao-e-pesquisa;Educacao E Pesquisa;Solicitar curso normal médio – habilitação para docência na educação infantil e anos iniciais do ensino fundamental;SED MS;Secretaria de Estado de Educação de Mato Grosso do Sul;Presencial;https://www.ms.gov.br/educacao-e-pesquisa/curso-normal-medio-habilitacao-para-docencia-na-educacao-infantil-e-anos-iniciais-do-ensino-fundamental160;321;educacao-e-pesquisa/curso-normal-medio-habilitacao-para-docencia-na-educacao-infantil-e-anos-iniciais-do-ensino-fundamental160//index
processo-seletivo-permanente-notas-do-enem-vagas-remanescentes60;educacao-e-pesquisa;Educacao E Pesquisa;Processo Seletivo Permanente - Notas do ENEM - Vagas Remanescentes;UEMS;Universidade Estadual de Mato Grosso do Sul;Híbrido;https://www.ms.gov.br/educacao-e-pesquisa/processo-seletivo-permanente-notas-do-enem-vagas-remanescentes60;313;educacao-e-pesquisa//processo-seletivo-permanente-notas-do-enem-vagas-remanescentes60
solicitar-credenciamento-de-instrucao-de-assistencia-tecnica-e-extesao-ruralater-no-sistema-de-informacao-de-assistencia-tecnicasiater111;comunicacao-e-transparencia;Comunicacao E Transparencia;Solicitar credenciamento de instituições no SIATER;SEMADESC;Secretaria de Estado de Meio Ambiente, Desenvolvimento, Ciência, Tecnologia e Inovação de Mato Grosso do Sul;Híbrido;https://www.ms.gov.br/comunicacao-e-transparencia/solicitar-credenciamento-de-instrucao-de-assistencia-tecnica-e-extesao-ruralater-no-sistema-de-informacao-de-assistencia-tecnicasiater111;312;comunicacao-e-transparencia/solicitar-credenciamento-de-instrucao-de-assistencia-tecnica-e-extesao-ruralater-no-sistema-de-informacao-de-assistencia-tecnicasiater111//index
icms-isencao-na-aquisicao-de-automovel-novo-de-passageiros-para-taxista54;financas-e-impostos;Financas E Impostos;ICMS - isenção na aquisição de automóvel novo de passageiros para taxista;SEFAZ MS;Secretaria de Estado de Fazenda de Mato Grosso do Sul;Presencial;https://www.ms.gov.br/financas-e-impostos/icms-isencao-na-aquisicao-de-automovel-novo-de-passageiros-para-taxista54;306;financas-e-impostos//icms-isencao-na-aquisicao-de-automovel-novo-de-passageiros-para-taxista54
procuracao-digital-para-acesso-ao-e-fazenda-cadastro-de-procuradorrepresentante-legal-em-caso-de-incapacidade-espolio-e-demanda-judicial62;financas-e-impostos;Financas E Impostos;Procuração digital para acesso ao e-Fazenda - cadastro de procurador/representante legal em caso de incapacidade, espólio e demanda judicial;SEFAZ MS;Secretaria de Estado de Fazenda de Mato Grosso do Sul;Presencial;https://www.ms.gov.br/financas-e-impostos/procuracao-digital-para-acesso-ao-e-fazenda-cadastro-de-procuradorrepresentante-legal-em-caso-de-incapacidade-espolio-e-demanda-judicial62;302;financas-e-impostos//procuracao-digital-para-acesso-ao-e-fazenda-cadastro-de-procuradorrepresentante-legal-em-caso-de-incapacidade-espolio-e-demanda-judicial62
programa-de-avancos-na-pecuaria-de-mato-grosso-do-sul-proape-sub-programa-leitao-vida58;agropecuaria-e-vida-rural;Agropecuaria E Vida Rural;Solicitar inclusão no programa Leitão Vida;SEMADESC;Secretaria de Estado de Meio Ambiente, Desenvolvimento, Ciência, Tecnologia e Inovação de Mato Grosso do Sul;Presencial;https://www.ms.gov.br/agropecuaria-e-vida-rural/programa-de-avancos-na-pecuaria-de-mato-grosso-do-sul-proape-sub-programa-leitao-vida58;298;agropecuaria-e-vida-rural/programa-de-avancos-na-pecuaria-de-mato-grosso-do-sul-proape-sub-programa-leitao-vida58
fornecimento-de-dados-fiscais-gia-sintegra-documentos-fiscais-eletronicos32;financas-e-impostos;Financas E Impostos;Fornecimento de dados e documentos fiscais do próprio requerente;SEFAZ MS;Secretaria de Estado de Fazenda de Mato Grosso do Sul;Presencial;https://www.ms.gov.br/financas-e-impostos/fornecimento-de-dados-fiscais-gia-sintegra-documentos-fiscais-eletronicos32;293;financas-e-impostos//fornecimento-de-dados-fiscais-gia-sintegra-documentos-fiscais-eletronicos32
icms-isencao-na-aquisicao-de-motocicleta-nova-para-mototaxista-ou-moto-entregador86;financas-e-impostos;Financas E Impostos;ICMS - isenção na aquisição de motocicleta nova para mototaxista ou moto-entregador;SEFAZ MS;Secretaria de Estado de Fazenda de Mato Grosso do Sul;Presencial;https://www.ms.gov.br/financas-e-impostos/icms-isencao-na-aquisicao-de-motocicleta-nova-para-mototaxista-ou-moto-entregador86;293;financas-e-impostos//icms-isencao-na-aquisicao-de-motocicleta-nova-para-mototaxista-ou-moto-entregador86
programa-de-avancos-na-pecuaria-de-mato-grosso-do-sul-proape-sub-programa-ovinos-e-caprinos39;agropecuaria-e-vida-rural;Agropecuaria E Vida Rural;Solicitar inclusão no programa de Ovinos e Caprinos;SEMADESC;Secretaria de Estado de Meio Ambiente, Desenvolvimento, Ciência, Tecnologia e Inovação de Mato Grosso do Sul;Presencial;https://www.ms.gov.br/agropecuaria-e-vida-rural/programa-de-avancos-na-pecuaria-de-mato-grosso-do-sul-proape-sub-programa-ovinos-e-caprinos39;274;agropecuaria-e-vida-rural/programa-de-avancos-na-pecuaria-de-mato-grosso-do-sul-proape-sub-programa-ovinos-e-caprinos39//index
incluir-ear-na-carteira-nacional-de-habilitacao-cnh34;transito-e-transportes;Transito E Transportes;Solicitar Renovação de CNH com Exercício de Atividade Remunerada - EAR;DETRAN;Departamento Estadual de Trânsito de Mato Grosso do Sul;Digital;https://www.ms.gov.br/transito-e-transportes/incluir-ear-na-carteira-nacional-de-habilitacao-cnh34;274;transito-e-transportes//incluir-ear-na-carteira-nacional-de-habilitacao-cnh34
outorga-de-direito-de-uso-de-recursos-hidricos-e-cadastro-estadual-de-usuario-de-recursos-hidricos-ceurh144;meio-ambiente;Meio Ambiente;Solicitar cadastro e outorga de uso de recursos hídricos (CEURH);IMASUL;Instituto de Meio Ambiente de Mato Grosso do Sul;Presencial;https://www.ms.gov.br/meio-ambiente/outorga-de-direito-de-uso-de-recursos-hidricos-e-cadastro-estadual-de-usuario-de-recursos-hidricos-ceurh144;274;meio-ambiente/outorga-de-direito-de-uso-de-recursos-hidricos-e-cadastro-estadual-de-usuario-de-recursos-hidricos-ceurh144
declaracao-de-compras-para-aquisicoes-interestaduais-de-materiais-de-construcao-por-consumidor-final-nao-contribuinte-do-icms-ou-por-empresas-do-ramo-da-construcao-civil12;financas-e-impostos;Financas E Impostos;Declaração de compras para aquisições interestaduais de materiais de construção por consumidor final não contribuinte do ICMS ou por empresas do ramo da construção civil;SEFAZ MS;Secretaria de Estado de Fazenda de Mato Grosso do Sul;Presencial;https://www.ms.gov.br/financas-e-impostos/declaracao-de-compras-para-aquisicoes-interestaduais-de-materiais-de-construcao-por-consumidor-final-nao-contribuinte-do-icms-ou-por-empresas-do-ramo-da-construcao-civil12;272;financas-e-impostos/declaracao-de-compras-para-aquisicoes-interestaduais-de-materiais-de-construcao-por-consumidor-final-nao-contribuinte-do-icms-ou-por-empresas-do-ramo-da-construcao-civil12
documento-de-arrecadacao-do-estado-de-mato-grosso-do-sul-daems-retificacao-ou-apostilamento82;financas-e-impostos;Financas E Impostos;Documento de arrecadação do estado de Mato Grosso do Sul (DAEMS) - retificação ou apostilamento;SEFAZ MS;Secretaria de Estado de Fazenda de Mato Grosso do Sul;Presencial;https://www.ms.gov.br/financas-e-impostos/documento-de-arrecadacao-do-estado-de-mato-grosso-do-sul-daems-retificacao-ou-apostilamento82;272;financas-e-impostos/documento-de-arrecadacao-do-estado-de-mato-grosso-do-sul-daems-retificacao-ou-apostilamento82//index
registrar-empresa-comerciante-de-agrotoxico-e-prestador-de-servico165;agropecuaria-e-vida-rural;Agropecuaria E Vida Rural;Registrar empresa comerciante de agrotóxico e prestador de serviço;IAGRO;Agência Estadual de Defesa Sanitária Animal Vegetal  Mato Grosso do Sul;Presencial;https://www.ms.gov.br/agropecuaria-e-vida-rural/registrar-empresa-comerciante-de-agrotoxico-e-prestador-de-servico165;270;agropecuaria-e-vida-rural//registrar-empresa-comerciante-de-agrotoxico-e-prestador-de-servico165
cadastro-da-agropecuaria-cap-inscricao-estadual-provisoria-para-produtor-rural-em-processo-de-regularizacao-fundiaria-assentamento-posse-ou-propriedade-litigiosa59;agropecuaria-e-vida-rural;Agropecuaria E Vida Rural;Cadastro da agropecuária (CAP) - inscrição estadual provisória para produtor rural em processo de regularização fundiária, assentamento, posse ou propriedade litigiosa;SEFAZ MS;Secretaria de Estado de Fazenda de Mato Grosso do Sul;Presencial;https://www.ms.gov.br/agropecuaria-e-vida-rural/cadastro-da-agropecuaria-cap-inscricao-estadual-provisoria-para-produtor-rural-em-processo-de-regularizacao-fundiaria-assentamento-posse-ou-propriedade-litigiosa59;267;agropecuaria-e-vida-rural/cadastro-da-agropecuaria-cap-inscricao-estadual-provisoria-para-produtor-rural-em-processo-de-regularizacao-fundiaria-assentamento-posse-ou-propriedade-litigiosa59
nota-fiscal-de-produtor-eletronica-nfp-e-emissao56;agropecuaria-e-vida-rural;Agropecuaria E Vida Rural;Nota fiscal de produtor eletrônica (NFP-e) - emissão;SEFAZ MS;Secretaria de Estado de Fazenda de Mato Grosso do Sul;Presencial;https://www.ms.gov.br/agropecuaria-e-vida-rural/nota-fiscal-de-produtor-eletronica-nfp-e-emissao56;266;agropecuaria-e-vida-rural/nota-fiscal-de-produtor-eletronica-nfp-e-emissao56
teste68;comunicacao-e-transparencia;Comunicacao E Transparencia;Fazer pedido de acesso à informação;AGEPEN;Agência Estadual de Administração do Sistema Penitenciário;Digital;https://www.ms.gov.br/comunicacao-e-transparencia/teste68;263;comunicacao-e-transparencia//teste68
informacoes-fiscais-e-cadastrais-solicitacao118;financas-e-impostos;Financas E Impostos;Documentação cadastral, cópia de processo ou outra;SEFAZ MS;Secretaria de Estado de Fazenda de Mato Grosso do Sul;Presencial;https://www.ms.gov.br/financas-e-impostos/informacoes-fiscais-e-cadastrais-solicitacao118;263;financas-e-impostos/informacoes-fiscais-e-cadastrais-solicitacao118//index
escrituracao-fiscal-digital-efd-baixa-de-notificacao52;financas-e-impostos;Financas E Impostos;Escrituração fiscal digital (EFD) - baixa de notificação;SEFAZ MS;Secretaria de Estado de Fazenda de Mato Grosso do Sul;Presencial;https://www.ms.gov.br/financas-e-impostos/escrituracao-fiscal-digital-efd-baixa-de-notificacao52;261;financas-e-impostos/escrituracao-fiscal-digital-efd-baixa-de-notificacao52//index
emissao-de-certidoes33;transito-e-transportes;Transito E Transportes;Emitir certidão de prontuário da carteira nacional de habilitação;DETRAN;Departamento Estadual de Trânsito de Mato Grosso do Sul;Digital;https://www.ms.gov.br/transito-e-transportes/emissao-de-certidoes33;254;transito-e-transportes//emissao-de-certidoes33
carteira-de-trabalho-digitalinformacoes98;trabalho-emprego-e-previdencia;Trabalho Emprego E Previdencia;Solicitar orientação como baixar a carteira de trabalho digital;FUNTRAB;Fundação de Trabalho de Mato Grosso do Sul;Presencial;https://www.ms.gov.br/trabalho-emprego-e-previdencia/carteira-de-trabalho-digitalinformacoes98;253;trabalho-emprego-e-previdencia//carteira-de-trabalho-digitalinformacoes98
regularizacao-fundiaria197;habitacao;Habitacao;Solicitar regularização de imóveis urbanos e rurais;AGEHAB;Agência de Habitação Popular de Mato Grosso do Sul;Presencial;https://www.ms.gov.br/habitacao/regularizacao-fundiaria197;251;habitacao/regularizacao-fundiaria197
cadastro-do-comercio-industria-e-servicos-ccis-inscricao-de-contribuinte-localizado-em-outra-unidade-da-federacao-como-substituto-tributario-do-icms-mediante-termo-de-responsabilidade77;empresa-industria-e-comercio;Empresa Industria E Comercio;Cadastro do comércio, indústria e serviços (CCIS) - inscrição de contribuinte localizado em outra unidade da federação como substituto tributário do ICMS mediante Termo de Responsabilidade;SEFAZ MS;Secretaria de Estado de Fazenda de Mato Grosso do Sul;Presencial;https://www.ms.gov.br/empresa-industria-e-comercio/cadastro-do-comercio-industria-e-servicos-ccis-inscricao-de-contribuinte-localizado-em-outra-unidade-da-federacao-como-substituto-tributario-do-icms-mediante-termo-de-responsabilidade77;250;empresa-industria-e-comercio/cadastro-do-comercio-industria-e-servicos-ccis-inscricao-de-contribuinte-localizado-em-outra-unidade-da-federacao-como-substituto-tributario-do-icms-mediante-termo-de-responsabilidade77
solicitar-agendamento-de-examereexame-teorico-tecnico-condutor-infrator182;transito-e-transportes;Transito E Transportes;Solicitar Agendamento de Exame/Reexame Teórico Técnico Condutor Infrator;DETRAN;Departamento Estadual de Trânsito de Mato Grosso do Sul;Digital;https://www.ms.gov.br/transito-e-transportes/solicitar-agendamento-de-examereexame-teorico-tecnico-condutor-infrator182;248;transito-e-transportes//solicitar-agendamento-de-examereexame-teorico-tecnico-condutor-infrator182
cadastro-da-agropecuaria-cap-alteracao-de-dados-cadastrais156;agropecuaria-e-vida-rural;Agropecuaria E Vida Rural;Cadastro da agropecuária (CAP) - alteração de dados cadastrais;SEFAZ MS;Secretaria de Estado de Fazenda de Mato Grosso do Sul;Presencial;https://www.ms.gov.br/agropecuaria-e-vida-rural/cadastro-da-agropecuaria-cap-alteracao-de-dados-cadastrais156;248;agropecuaria-e-vida-rural/cadastro-da-agropecuaria-cap-alteracao-de-dados-cadastrais156//index
cadastro-do-comercio-industria-e-servicos-ccis-baixa-da-inscricao-estadual123;empresa-industria-e-comercio;Empresa Industria E Comercio;Cadastro do comércio, indústria e serviços (CCIS) - baixa da inscrição estadual;SEFAZ MS;Secretaria de Estado de Fazenda de Mato Grosso do Sul;Presencial;https://www.ms.gov.br/empresa-industria-e-comercio/cadastro-do-comercio-industria-e-servicos-ccis-baixa-da-inscricao-estadual123;244;empresa-industria-e-comercio/cadastro-do-comercio-industria-e-servicos-ccis-baixa-da-inscricao-estadual123
pedido-de-parcelamento-de-debito-ppd-relativo-ao-icms-autoparcelamento75;financas-e-impostos;Financas E Impostos;Pedido de parcelamento de débito (PPD) relativo ao ICMS - autoparcelamento;SEFAZ MS;Secretaria de Estado de Fazenda de Mato Grosso do Sul;Presencial;https://www.ms.gov.br/financas-e-impostos/pedido-de-parcelamento-de-debito-ppd-relativo-ao-icms-autoparcelamento75;240;financas-e-impostos/pedido-de-parcelamento-de-debito-ppd-relativo-ao-icms-autoparcelamento75
servico-de-arquivo-medico-same96;saude-e-cuidado;Saude E Cuidado;Solicitar resultados de exames e cópia de prontuário médico;FUNSAU;Fundação Serviços de Saúde de MS;Presencial;https://www.ms.gov.br/saude-e-cuidado/servico-de-arquivo-medico-same96;237;saude-e-cuidado//servico-de-arquivo-medico-same96
inscricao-em-divida-ativa-processo-administrativo74;administracao-publica;Administracao Publica;Solicitar cópia de processo administrativo de débito inscrito em dívida ativa;PGE MS;Procuradoria Geral do Estado de Mato Grosso do Sul;Presencial;https://www.ms.gov.br/administracao-publica/inscricao-em-divida-ativa-processo-administrativo74;237;administracao-publica/inscricao-em-divida-ativa-processo-administrativo74//index
solicitar-2a-via-certificados-diplomas-historico-escolar27;educacao-e-pesquisa;Educacao E Pesquisa;Solicitar 2ª via – Certificados, Diplomas, Histórico Escolar;SES;Secretaria de Estado de Saúde de Mato Grosso do Sul;Presencial;https://www.ms.gov.br/educacao-e-pesquisa/solicitar-2a-via-certificados-diplomas-historico-escolar27;232;educacao-e-pesquisa//solicitar-2a-via-certificados-diplomas-historico-escolar27
reclame-jucems109;comunicacao-e-transparencia;Comunicacao E Transparencia;Reclame jucems;JUCEMS;Junta Comercial do Estado de Mato Grosso do Sul;Presencial;https://www.ms.gov.br/comunicacao-e-transparencia/reclame-jucems109;228;comunicacao-e-transparencia/reclame-jucems109//index
solicitar-transferencia-de-custodiado39;seguranca;Seguranca;Solicitar transferência de custodiado;AGEPEN;Agência Estadual de Administração do Sistema Penitenciário;Híbrido;https://www.ms.gov.br/seguranca/solicitar-transferencia-de-custodiado39;226;seguranca//solicitar-transferencia-de-custodiado39
inscricao-estadual-de-terceiros-pedido-de-cancelamento153;financas-e-impostos;Financas E Impostos;Cancelamento ou suspensão de inscrição estadual de terceiro no cadastro;SEFAZ MS;Secretaria de Estado de Fazenda de Mato Grosso do Sul;Presencial;https://www.ms.gov.br/financas-e-impostos/inscricao-estadual-de-terceiros-pedido-de-cancelamento153;226;financas-e-impostos/inscricao-estadual-de-terceiros-pedido-de-cancelamento153//index
cadastro-da-agropecuaria-cap-baixa-da-inscricao-estadual118;agropecuaria-e-vida-rural;Agropecuaria E Vida Rural;Cadastro da agropecuária (CAP) - baixa da inscrição estadual;SEFAZ MS;Secretaria de Estado de Fazenda de Mato Grosso do Sul;Presencial;https://www.ms.gov.br/agropecuaria-e-vida-rural/cadastro-da-agropecuaria-cap-baixa-da-inscricao-estadual118;223;agropecuaria-e-vida-rural/cadastro-da-agropecuaria-cap-baixa-da-inscricao-estadual118
fornecimento-de-medicamentos-da-assistencia-farmaceutica-estadual-componente-especializado188;saude-e-cuidado;Saude E Cuidado;Solicitação, renovação e retirada de medicamentos do componente especializado - Assistência Farmacêutica Estadual;SES;Secretaria de Estado de Saúde de Mato Grosso do Sul;Digital;https://www.ms.gov.br/saude-e-cuidado/fornecimento-de-medicamentos-da-assistencia-farmaceutica-estadual-componente-especializado188;222;saude-e-cuidado//fornecimento-de-medicamentos-da-assistencia-farmaceutica-estadual-componente-especializado188
consulta-de-medicamentos-ofertados-pelo-sistema-unico-de-saude-sus72;saude-e-cuidado;Saude E Cuidado;Consultar medicamentos ofertados pelo Sistema Único de Saúde - SUS;SES;Secretaria de Estado de Saúde de Mato Grosso do Sul;Digital;https://www.ms.gov.br/saude-e-cuidado/consulta-de-medicamentos-ofertados-pelo-sistema-unico-de-saude-sus72;212;saude-e-cuidado//consulta-de-medicamentos-ofertados-pelo-sistema-unico-de-saude-sus72
analisar-processos-de-seguranca-contra-incendio-e-panico-pscip16;seguranca;Seguranca;Analisar processos de segurança contra incêndio e pânico PSCIP;CBMMS;Corpo de Bombeiros Militar;Presencial;https://www.ms.gov.br/seguranca/analisar-processos-de-seguranca-contra-incendio-e-panico-pscip16;207;seguranca/analisar-processos-de-seguranca-contra-incendio-e-panico-pscip16
cadastro-ambiental-rural-de-mato-grosso-do-sul-carms38;agropecuaria-e-vida-rural;Agropecuaria E Vida Rural;Solicitar inscrição no Cadastro Ambiental Rural - CARMS;IMASUL;Instituto de Meio Ambiente de Mato Grosso do Sul;Híbrido;https://www.ms.gov.br/agropecuaria-e-vida-rural/cadastro-ambiental-rural-de-mato-grosso-do-sul-carms38;207;agropecuaria-e-vida-rural/cadastro-ambiental-rural-de-mato-grosso-do-sul-carms38
solicitar-orientacao-proconms36;direitos-e-cidadania;Direitos E Cidadania;Solicitar orientação Procon/MS;SEAD;Secretaria de Estado de Assistência Social e Direitos Humanos;Presencial;https://www.ms.gov.br/direitos-e-cidadania/solicitar-orientacao-proconms36;198;direitos-e-cidadania//solicitar-orientacao-proconms36
autorizacao-especifica-aquisicao-de-milho-e-soja-para-uso-na-racao-animal-com-diferimento-do-icms117;agropecuaria-e-vida-rural;Agropecuaria E Vida Rural;Autorização específica - aquisição de milho e soja para uso na ração animal, com diferimento do ICMS;SEFAZ MS;Secretaria de Estado de Fazenda de Mato Grosso do Sul;Presencial;https://www.ms.gov.br/agropecuaria-e-vida-rural/autorizacao-especifica-aquisicao-de-milho-e-soja-para-uso-na-racao-animal-com-diferimento-do-icms117;196;agropecuaria-e-vida-rural/autorizacao-especifica-aquisicao-de-milho-e-soja-para-uso-na-racao-animal-com-diferimento-do-icms117
01-servico-de-emergencia-e-urgencia-190141;seguranca;Seguranca;Solicitar serviço de emergência e urgência 190;PMMS;Polícia Militar de Mato Grosso do Sul;Presencial;https://www.ms.gov.br/seguranca/01-servico-de-emergencia-e-urgencia-190141;194;seguranca/01-servico-de-emergencia-e-urgencia-190141
solicitar-bloqueio-de-ligacao-de-telemaketing22;direitos-e-cidadania;Direitos E Cidadania;Solicitar bloqueio de ligação de telemarketing;SEAD;Secretaria de Estado de Assistência Social e Direitos Humanos;Híbrido;https://www.ms.gov.br/direitos-e-cidadania/solicitar-bloqueio-de-ligacao-de-telemaketing22;192;direitos-e-cidadania//solicitar-bloqueio-de-ligacao-de-telemaketing22
icms-comunicacao-da-apropriacao-de-credito-nos-termos-do-art-17-3o-ii-a-da-resolucaosefaz-no-30262025-limite-de-300-uferms90;financas-e-impostos;Financas E Impostos;ICMS - comunicação da apropriação de crédito nos termos do art. 17, § 3º, II, “a”, da Resolução/SEFAZ nº 3.426/2025 (limite de 300 Uferms);SEFAZ MS;Secretaria de Estado de Fazenda de Mato Grosso do Sul;Presencial;https://www.ms.gov.br/financas-e-impostos/icms-comunicacao-da-apropriacao-de-credito-nos-termos-do-art-17-3o-ii-a-da-resolucaosefaz-no-30262025-limite-de-300-uferms90;192;financas-e-impostos/icms-comunicacao-da-apropriacao-de-credito-nos-termos-do-art-17-3o-ii-a-da-resolucaosefaz-no-30262025-limite-de-300-uferms90
ipva-desvinculacao-de-debitos-anteriores-para-veiculos-adquiridos-em-leilao92;financas-e-impostos;Financas E Impostos;IPVA - leilão - desvinculação de débitos anteriores - particulares;SEFAZ MS;Secretaria de Estado de Fazenda de Mato Grosso do Sul;Presencial;https://www.ms.gov.br/financas-e-impostos/ipva-desvinculacao-de-debitos-anteriores-para-veiculos-adquiridos-em-leilao92;186;financas-e-impostos/ipva-desvinculacao-de-debitos-anteriores-para-veiculos-adquiridos-em-leilao92
cadastro-do-comercio-industria-e-servicos-ccis-inscricao-de-empresa-do-ramo-de-combustiveis-liquidos-e-gasosos-e-lubrificantes185;financas-e-impostos;Financas E Impostos;Cadastro do comércio, indústria e serviços (CCIS) - inscrição de empresa do ramo de combustíveis líquidos e gasosos e lubrificantes;SEFAZ MS;Secretaria de Estado de Fazenda de Mato Grosso do Sul;Presencial;https://www.ms.gov.br/financas-e-impostos/cadastro-do-comercio-industria-e-servicos-ccis-inscricao-de-empresa-do-ramo-de-combustiveis-liquidos-e-gasosos-e-lubrificantes185;186;financas-e-impostos/cadastro-do-comercio-industria-e-servicos-ccis-inscricao-de-empresa-do-ramo-de-combustiveis-liquidos-e-gasosos-e-lubrificantes185//index
certidao-de-registro-e-deposito-convenio-190-emissao140;financas-e-impostos;Financas E Impostos;Certidão de registro e depósito convênio 190 - emissão;SEFAZ MS;Secretaria de Estado de Fazenda de Mato Grosso do Sul;Presencial;https://www.ms.gov.br/financas-e-impostos/certidao-de-registro-e-deposito-convenio-190-emissao140;184;financas-e-impostos/certidao-de-registro-e-deposito-convenio-190-emissao140//index
caravana-da-castracao-servico-a-ser-oferecido-a-partir-de-novembro202454;direitos-e-cidadania;Direitos E Cidadania;Solicitar caravana da castração;SETESC;Secretaria de Estado de Turismo, Esporte e Cultura;Presencial;https://www.ms.gov.br/direitos-e-cidadania/caravana-da-castracao-servico-a-ser-oferecido-a-partir-de-novembro202454;183;direitos-e-cidadania//caravana-da-castracao-servico-a-ser-oferecido-a-partir-de-novembro202454
atualizar-cadastro-e-declarar-rebanho69;agropecuaria-e-vida-rural;Agropecuaria E Vida Rural;Declarar saldo de rebanho e atualizar cadastro;IAGRO;Agência Estadual de Defesa Sanitária Animal Vegetal  Mato Grosso do Sul;Presencial;https://www.ms.gov.br/agropecuaria-e-vida-rural/atualizar-cadastro-e-declarar-rebanho69;183;agropecuaria-e-vida-rural//atualizar-cadastro-e-declarar-rebanho69
itcd-causa-mortis-e-doacoes-reclamacao-administrativa155;financas-e-impostos;Financas E Impostos;ITCD - reclamação administrativa;SEFAZ MS;Secretaria de Estado de Fazenda de Mato Grosso do Sul;Presencial;https://www.ms.gov.br/financas-e-impostos/itcd-causa-mortis-e-doacoes-reclamacao-administrativa155;182;financas-e-impostos//itcd-causa-mortis-e-doacoes-reclamacao-administrativa155
solicitar-pre-cadastro-no-programa-crianca-na-creche36;assistencia-social;Assistencia Social;Solicitar pré-cadastro no Programa Criança na Creche;SEAD;Secretaria de Estado de Assistência Social e Direitos Humanos;Digital;https://www.ms.gov.br/assistencia-social/solicitar-pre-cadastro-no-programa-crianca-na-creche36;181;assistencia-social//solicitar-pre-cadastro-no-programa-crianca-na-creche36
pedido-de-informacao192;comunicacao-e-transparencia;Comunicacao E Transparencia;Fazer Pedido de Informação;CGP;Coordenadoria Geral de Perícias de Mato Grosso do Sul;Digital;https://www.ms.gov.br/comunicacao-e-transparencia/pedido-de-informacao192;178;comunicacao-e-transparencia/pedido-de-informacao192
solicitar-fiscalizacao-proconms179;direitos-e-cidadania;Direitos E Cidadania;Solicitar fiscalização Procon/MS;SEAD;Secretaria de Estado de Assistência Social e Direitos Humanos;Presencial;https://www.ms.gov.br/direitos-e-cidadania/solicitar-fiscalizacao-proconms179;174;direitos-e-cidadania//solicitar-fiscalizacao-proconms179
cadastro-da-agropecuaria-cap-reativacao-da-inscricao-estadual94;agropecuaria-e-vida-rural;Agropecuaria E Vida Rural;Cadastro da agropecuária (CAP) - reativação da inscrição estadual;SEFAZ MS;Secretaria de Estado de Fazenda de Mato Grosso do Sul;Presencial;https://www.ms.gov.br/agropecuaria-e-vida-rural/cadastro-da-agropecuaria-cap-reativacao-da-inscricao-estadual94;172;agropecuaria-e-vida-rural/cadastro-da-agropecuaria-cap-reativacao-da-inscricao-estadual94//index
cadastro-do-comercio-industria-e-servicos-ccis-inscricao-de-contribuinte-localizado-em-outra-unidade-da-federacao-como-substituto-tributario-por-forca-de-convenio-ou-protocolo33;empresa-industria-e-comercio;Empresa Industria E Comercio;Cadastro do comércio, indústria e serviços (CCIS) - inscrição de contribuinte localizado em outra unidade da federação como substituto tributário por força de Convênio ou Protocolo;SEFAZ MS;Secretaria de Estado de Fazenda de Mato Grosso do Sul;Presencial;https://www.ms.gov.br/empresa-industria-e-comercio/cadastro-do-comercio-industria-e-servicos-ccis-inscricao-de-contribuinte-localizado-em-outra-unidade-da-federacao-como-substituto-tributario-por-forca-de-convenio-ou-protocolo33;171;empresa-industria-e-comercio/cadastro-do-comercio-industria-e-servicos-ccis-inscricao-de-contribuinte-localizado-em-outra-unidade-da-federacao-como-substituto-tributario-por-forca-de-convenio-ou-protocolo33
emissao-de-copia-de-laudos-periciais145;seguranca;Seguranca;Solicitar cópia de laudos periciais;CGP;Coordenadoria Geral de Perícias de Mato Grosso do Sul;Presencial;https://www.ms.gov.br/seguranca/emissao-de-copia-de-laudos-periciais145;169;seguranca/emissao-de-copia-de-laudos-periciais145//index
documentacao-fiscal-solicitada-por-terceiro56;financas-e-impostos;Financas E Impostos;Documentação fiscal solicitada por terceiro;SEFAZ MS;Secretaria de Estado de Fazenda de Mato Grosso do Sul;Presencial;https://www.ms.gov.br/financas-e-impostos/documentacao-fiscal-solicitada-por-terceiro56;168;financas-e-impostos/documentacao-fiscal-solicitada-por-terceiro56//index
atestado-de-inexistencia-para-fins-de-diferimento-do-icms-diferencial-de-aliquotas-e-de-importacao-na-aquisicao-de-maquinas-e-equipamentos-industriais-termo-de-acordo8;empresa-industria-e-comercio;Empresa Industria E Comercio;Atestado de inexistência para fins de diferimento do ICMS diferencial de alíquotas e de importação na aquisição de máquinas e equipamentos industriais - Termo de Acordo;SEFAZ MS;Secretaria de Estado de Fazenda de Mato Grosso do Sul;Presencial;https://www.ms.gov.br/empresa-industria-e-comercio/atestado-de-inexistencia-para-fins-de-diferimento-do-icms-diferencial-de-aliquotas-e-de-importacao-na-aquisicao-de-maquinas-e-equipamentos-industriais-termo-de-acordo8;167;empresa-industria-e-comercio/atestado-de-inexistencia-para-fins-de-diferimento-do-icms-diferencial-de-aliquotas-e-de-importacao-na-aquisicao-de-maquinas-e-equipamentos-industriais-termo-de-acordo8//index
solicitar-vista-de-processo-ambiental116;meio-ambiente;Meio Ambiente;Solicitar vista de processo ambiental;IMASUL;Instituto de Meio Ambiente de Mato Grosso do Sul;Presencial;https://www.ms.gov.br/meio-ambiente/solicitar-vista-de-processo-ambiental116;166;meio-ambiente/solicitar-vista-de-processo-ambiental116
ipva-pedido-de-restituicao22;financas-e-impostos;Financas E Impostos;IPVA - restituição de pagamento indevido;SEFAZ MS;Secretaria de Estado de Fazenda de Mato Grosso do Sul;Presencial;https://www.ms.gov.br/financas-e-impostos/ipva-pedido-de-restituicao22;164;financas-e-impostos/ipva-pedido-de-restituicao22//index
analise-das-obrigacoes-socioeconomicas-pactuadas-em-termo-de-acordo-beneficio-da-lei-complementar-n-932001-cidec169;financas-e-impostos;Financas E Impostos;Análise das obrigações socioeconômicas pactuadas em Termo de Acordo - Benefício da Lei Complementar nº 93/2001;SEFAZ MS;Secretaria de Estado de Fazenda de Mato Grosso do Sul;Presencial;https://www.ms.gov.br/financas-e-impostos/analise-das-obrigacoes-socioeconomicas-pactuadas-em-termo-de-acordo-beneficio-da-lei-complementar-n-932001-cidec169;162;financas-e-impostos/analise-das-obrigacoes-socioeconomicas-pactuadas-em-termo-de-acordo-beneficio-da-lei-complementar-n-932001-cidec169
fale-conosco64;financas-e-impostos;Financas E Impostos;Fale Conosco;SEFAZ MS;Secretaria de Estado de Fazenda de Mato Grosso do Sul;Presencial;https://www.ms.gov.br/financas-e-impostos/fale-conosco64;162;financas-e-impostos/fale-conosco64
auto-de-cientificacao-act-prorrogacao-de-prazo-para-pagamento30;financas-e-impostos;Financas E Impostos;Auto de cientificação (ACT) - prorrogação de prazo para pagamento;SEFAZ MS;Secretaria de Estado de Fazenda de Mato Grosso do Sul;Presencial;https://www.ms.gov.br/financas-e-impostos/auto-de-cientificacao-act-prorrogacao-de-prazo-para-pagamento30;158;financas-e-impostos/auto-de-cientificacao-act-prorrogacao-de-prazo-para-pagamento30
enducacao-infantil75;educacao-e-pesquisa;Educacao E Pesquisa;Solicitar matrícula no ensino fundamental em tempo integral;SED MS;Secretaria de Estado de Educação de Mato Grosso do Sul;Presencial;https://www.ms.gov.br/educacao-e-pesquisa/enducacao-infantil75;158;educacao-e-pesquisa/enducacao-infantil75
escrituracao-fiscal-digital-efd-entrega44;financas-e-impostos;Financas E Impostos;Escrituração fiscal digital (EFD) - entrega;SEFAZ MS;Secretaria de Estado de Fazenda de Mato Grosso do Sul;Presencial;https://www.ms.gov.br/financas-e-impostos/escrituracao-fiscal-digital-efd-entrega44;157;financas-e-impostos//escrituracao-fiscal-digital-efd-entrega44
licenciamento-ambiental-para-supressao-vegetal180;meio-ambiente;Meio Ambiente;Solicitar Autorização Ambiental para Supressão Vegetal;IMASUL;Instituto de Meio Ambiente de Mato Grosso do Sul;Presencial;https://www.ms.gov.br/meio-ambiente/licenciamento-ambiental-para-supressao-vegetal180;155;meio-ambiente/licenciamento-ambiental-para-supressao-vegetal180
ambulatorio1;saude-e-cuidado;Saude E Cuidado;Solicitar consulta médica especializada;FUNSAU;Fundação Serviços de Saúde de MS;Presencial;https://www.ms.gov.br/saude-e-cuidado/ambulatorio1;154;saude-e-cuidado//ambulatorio1
itcd-solicitacao-de-restituicaocompensacao-de-itcd-indevido142;financas-e-impostos;Financas E Impostos;ITCD - solicitação de restituição/compensação de ITCD indevido;SEFAZ MS;Secretaria de Estado de Fazenda de Mato Grosso do Sul;Presencial;https://www.ms.gov.br/financas-e-impostos/itcd-solicitacao-de-restituicaocompensacao-de-itcd-indevido142;151;financas-e-impostos/itcd-solicitacao-de-restituicaocompensacao-de-itcd-indevido142
solicitar-peticionamento-processual-sistema-e-ms58;administracao-publica;Administracao Publica;Solicitar peticionamento processual;PCMS;Polícia Civil de Mato Grosso do Sul;Digital;https://www.ms.gov.br/administracao-publica/solicitar-peticionamento-processual-sistema-e-ms58;151;administracao-publica/solicitar-peticionamento-processual-sistema-e-ms58
qualificacao-social-e-profissional28;trabalho-emprego-e-previdencia;Trabalho Emprego E Previdencia;Solicitar qualificação social e profissional;FUNTRAB;Fundação de Trabalho de Mato Grosso do Sul;Híbrido;https://www.ms.gov.br/trabalho-emprego-e-previdencia/qualificacao-social-e-profissional28;149;trabalho-emprego-e-previdencia/qualificacao-social-e-profissional28
solicitar-2a-via-certificados-diplomas-historico-escolar-e-declaracoes53;educacao-e-pesquisa;Educacao E Pesquisa;Solicitar 2ª via – Certificados, Diplomas, Histórico Escolar e Declarações;SES;Secretaria de Estado de Saúde de Mato Grosso do Sul;Presencial;https://www.ms.gov.br/educacao-e-pesquisa/solicitar-2a-via-certificados-diplomas-historico-escolar-e-declaracoes53;148;educacao-e-pesquisa//solicitar-2a-via-certificados-diplomas-historico-escolar-e-declaracoes53
consulta-solicitacoes-processo-livro-ou-servico106;empresa-industria-e-comercio;Empresa Industria E Comercio;Consultar solicitações - processo, livro ou serviço;JUCEMS;Junta Comercial do Estado de Mato Grosso do Sul;Presencial;https://www.ms.gov.br/empresa-industria-e-comercio/consulta-solicitacoes-processo-livro-ou-servico106;147;empresa-industria-e-comercio//consulta-solicitacoes-processo-livro-ou-servico106
cine-pet158;esporte-e-lazer;Esporte E Lazer;Solicitar agendamento do Cine Pet;SETESC;Secretaria de Estado de Turismo, Esporte e Cultura;Presencial;https://www.ms.gov.br/esporte-e-lazer/cine-pet158;146;esporte-e-lazer//cine-pet158
receber-apoio-para-emitir-o-contracheque-aposentado-ou-pensionista12;trabalho-emprego-e-previdencia;Trabalho Emprego E Previdencia;Receber apoio para emitir o contracheque (aposentado ou pensionista);AGEPREV;Agência de Previdência Social de Mato Grosso do Sul;Digital;https://www.ms.gov.br/trabalho-emprego-e-previdencia/receber-apoio-para-emitir-o-contracheque-aposentado-ou-pensionista12;145;trabalho-emprego-e-previdencia//receber-apoio-para-emitir-o-contracheque-aposentado-ou-pensionista12
cadastro-da-agropecuaria-cap-inscricao-de-pescador-profissional111;agropecuaria-e-vida-rural;Agropecuaria E Vida Rural;Cadastro da agropecuária (CAP) - inscrição de pescador profissional;SEFAZ MS;Secretaria de Estado de Fazenda de Mato Grosso do Sul;Presencial;https://www.ms.gov.br/agropecuaria-e-vida-rural/cadastro-da-agropecuaria-cap-inscricao-de-pescador-profissional111;144;agropecuaria-e-vida-rural//cadastro-da-agropecuaria-cap-inscricao-de-pescador-profissional111
nota-fiscal-eletronica-nf-e-modelo-55-pedido-de-cancelamento-extemporaneo170;empresa-industria-e-comercio;Empresa Industria E Comercio;Nota fiscal eletrônica (NF-e), modelo 55 - cancelamento extemporâneo;SEFAZ MS;Secretaria de Estado de Fazenda de Mato Grosso do Sul;Presencial;https://www.ms.gov.br/empresa-industria-e-comercio/nota-fiscal-eletronica-nf-e-modelo-55-pedido-de-cancelamento-extemporaneo170;143;empresa-industria-e-comercio/nota-fiscal-eletronica-nf-e-modelo-55-pedido-de-cancelamento-extemporaneo170//index
16-servico-de-denuncia-181-disque-denuncia60;seguranca;Seguranca;Realizar denúncia ou Disque Denúncia 181;PMMS;Polícia Militar de Mato Grosso do Sul;Digital;https://www.ms.gov.br/seguranca/16-servico-de-denuncia-181-disque-denuncia60;142;seguranca/16-servico-de-denuncia-181-disque-denuncia60
microempresa-simples-nacional-reconsideracao-da-analise-para-enquadramento-no-beneficio-do-decreto-no-16177202375;financas-e-impostos;Financas E Impostos;Microempresa Simples Nacional - reconsideração da análise para enquadramento no benefício do Decreto nº 16.177/2023;SEFAZ MS;Secretaria de Estado de Fazenda de Mato Grosso do Sul;Presencial;https://www.ms.gov.br/financas-e-impostos/microempresa-simples-nacional-reconsideracao-da-analise-para-enquadramento-no-beneficio-do-decreto-no-16177202375;142;financas-e-impostos//microempresa-simples-nacional-reconsideracao-da-analise-para-enquadramento-no-beneficio-do-decreto-no-16177202375
pedido-de-acesso-a-informacao159;comunicacao-e-transparencia;Comunicacao E Transparencia;Fazer pedido de acesso à informação;FUNDECT;Fundação de Apoio ao Desenvolvimento do Ensino, Ciência e Tecnologia de Mato Grosso do Sul;Digital;https://www.ms.gov.br/comunicacao-e-transparencia/pedido-de-acesso-a-informacao159;140;comunicacao-e-transparencia/pedido-de-acesso-a-informacao159
pedido-de-acesso-a-informacao17;comunicacao-e-transparencia;Comunicacao E Transparencia;Fazer pedido de acesso à informação;SEFAZ MS;Secretaria de Estado de Fazenda de Mato Grosso do Sul;Digital;https://www.ms.gov.br/comunicacao-e-transparencia/pedido-de-acesso-a-informacao17;140;comunicacao-e-transparencia/pedido-de-acesso-a-informacao17
solicitar-atendimento-pre-hospitalar87;seguranca;Seguranca;Solicitar atendimento pré-hospitalar;CBMMS;Corpo de Bombeiros Militar;Presencial;https://www.ms.gov.br/seguranca/solicitar-atendimento-pre-hospitalar87;138;seguranca/solicitar-atendimento-pre-hospitalar87
nota-fiscal-eletronica-nf-e-pedido-de-reabilitacao-para-emissao158;financas-e-impostos;Financas E Impostos;Nota fiscal eletrônica (NF-e), modelo 55 - pedido de reabilitação para emissão;SEFAZ MS;Secretaria de Estado de Fazenda de Mato Grosso do Sul;Presencial;https://www.ms.gov.br/financas-e-impostos/nota-fiscal-eletronica-nf-e-pedido-de-reabilitacao-para-emissao158;136;financas-e-impostos/nota-fiscal-eletronica-nf-e-pedido-de-reabilitacao-para-emissao158
nota-fiscal-de-produtor-serie-especial-nfpse-prestacao-de-contas-de-notas-emitidas-e-nao-baixadas-automaticamente-ou-canceladas153;agropecuaria-e-vida-rural;Agropecuaria E Vida Rural;Nota fiscal de produtor, série especial (NFP/SE) - prestação de contas de notas emitidas e não baixadas automaticamente ou canceladas;SEFAZ MS;Secretaria de Estado de Fazenda de Mato Grosso do Sul;Presencial;https://www.ms.gov.br/agropecuaria-e-vida-rural/nota-fiscal-de-produtor-serie-especial-nfpse-prestacao-de-contas-de-notas-emitidas-e-nao-baixadas-automaticamente-ou-canceladas153;136;agropecuaria-e-vida-rural/nota-fiscal-de-produtor-serie-especial-nfpse-prestacao-de-contas-de-notas-emitidas-e-nao-baixadas-automaticamente-ou-canceladas153
cadastrar-area-com-plantio-florestal62;agropecuaria-e-vida-rural;Agropecuaria E Vida Rural;Cadastrar área com plantio florestal;IAGRO;Agência Estadual de Defesa Sanitária Animal Vegetal  Mato Grosso do Sul;Presencial;https://www.ms.gov.br/agropecuaria-e-vida-rural/cadastrar-area-com-plantio-florestal62;135;agropecuaria-e-vida-rural/cadastrar-area-com-plantio-florestal62
programa-ms-supera157;educacao-e-pesquisa;Educacao E Pesquisa;Solicitar o benefício do MS Supera;SEAD;Secretaria de Estado de Assistência Social e Direitos Humanos;Digital;https://www.ms.gov.br/educacao-e-pesquisa/programa-ms-supera157;132;educacao-e-pesquisa//programa-ms-supera157
emissao-de-certidoes-solicitadas-pelos-condutores36;transito-e-transportes;Transito E Transportes;Emitir certidões de veículos;DETRAN;Departamento Estadual de Trânsito de Mato Grosso do Sul;Digital;https://www.ms.gov.br/transito-e-transportes/emissao-de-certidoes-solicitadas-pelos-condutores36;126;transito-e-transportes//emissao-de-certidoes-solicitadas-pelos-condutores36
icms-calculo-para-recolhimento-espontaneo-normal-transporte-equalizacao-e-substituicao-tributaria83;financas-e-impostos;Financas E Impostos;ICMS - cálculo para recolhimento espontâneo (Normal, Transporte, Equalização e Substituição Tributária);SEFAZ MS;Secretaria de Estado de Fazenda de Mato Grosso do Sul;Presencial;https://www.ms.gov.br/financas-e-impostos/icms-calculo-para-recolhimento-espontaneo-normal-transporte-equalizacao-e-substituicao-tributaria83;126;financas-e-impostos/icms-calculo-para-recolhimento-espontaneo-normal-transporte-equalizacao-e-substituicao-tributaria83
internacionalizacao83;ciencia-e-tecnologia;Ciencia E Tecnologia;Solicitar apoio financeiro para as pesquisas com parcerias internacionais;FUNDECT;Fundação de Apoio ao Desenvolvimento do Ensino, Ciência e Tecnologia de Mato Grosso do Sul;Digital;https://www.ms.gov.br/ciencia-e-tecnologia/internacionalizacao83;125;ciencia-e-tecnologia/internacionalizacao83
concessao-de-bolsas-de-estudo159;ciencia-e-tecnologia;Ciencia E Tecnologia;Solicitar concessão de bolsas de estudo;FUNDECT;Fundação de Apoio ao Desenvolvimento do Ensino, Ciência e Tecnologia de Mato Grosso do Sul;Presencial;https://www.ms.gov.br/ciencia-e-tecnologia/concessao-de-bolsas-de-estudo159;125;ciencia-e-tecnologia/concessao-de-bolsas-de-estudo159//index
pedido-de-acesso-a-processo-administrativo-disciplinar-ou-a-sindicancia-no-ambito-da-corregedoria-da-sas40;administracao-publica;Administracao Publica;Solicitar pedido de acesso à processo administrativo disciplinar ou à sindicância no âmbito da Corregedoria da (SAS);SEJUSP;Secretaria de Estado de Justiça e Segurança Pública de Mato Grosso do Sul;Presencial;https://www.ms.gov.br/administracao-publica/pedido-de-acesso-a-processo-administrativo-disciplinar-ou-a-sindicancia-no-ambito-da-corregedoria-da-sas40;124;administracao-publica/pedido-de-acesso-a-processo-administrativo-disciplinar-ou-a-sindicancia-no-ambito-da-corregedoria-da-sas40
identificar-as-instituicoes-de-ensino-que-oferecem-descontos-e-gerar-documentos-para-uso38;educacao-e-pesquisa;Educacao E Pesquisa;Obter descontos em instituições de ensino parceiras;ESCOLAGOV;Fundação Escola de Governo;Presencial;https://www.ms.gov.br/educacao-e-pesquisa/identificar-as-instituicoes-de-ensino-que-oferecem-descontos-e-gerar-documentos-para-uso38;124;educacao-e-pesquisa/identificar-as-instituicoes-de-ensino-que-oferecem-descontos-e-gerar-documentos-para-uso38
solicitar-transacao-tributaria38;comunicacao-e-transparencia;Comunicacao E Transparencia;Solicitar Transação Tributária;PGE MS;Procuradoria Geral do Estado de Mato Grosso do Sul;Digital;https://www.ms.gov.br/comunicacao-e-transparencia/solicitar-transacao-tributaria38;124;comunicacao-e-transparencia/solicitar-transacao-tributaria38//index
confirmar-a-autenticidade-de-certificacao-de-curso-ou-programa-de-educacao-continuada158;educacao-e-pesquisa;Educacao E Pesquisa;Confirmar a autenticidade de certificações;ESCOLAGOV;Fundação Escola de Governo;Presencial;https://www.ms.gov.br/educacao-e-pesquisa/confirmar-a-autenticidade-de-certificacao-de-curso-ou-programa-de-educacao-continuada158;123;educacao-e-pesquisa/confirmar-a-autenticidade-de-certificacao-de-curso-ou-programa-de-educacao-continuada158//index
consultar-atraves-do-e-saniagro-modulo-aim-autos-de-infracao-existentes-ao-interessado143;agropecuaria-e-vida-rural;Agropecuaria E Vida Rural;Consultar Auto de Infração e Multa on-line;IAGRO;Agência Estadual de Defesa Sanitária Animal Vegetal  Mato Grosso do Sul;Presencial;https://www.ms.gov.br/agropecuaria-e-vida-rural/consultar-atraves-do-e-saniagro-modulo-aim-autos-de-infracao-existentes-ao-interessado143;121;agropecuaria-e-vida-rural//consultar-atraves-do-e-saniagro-modulo-aim-autos-de-infracao-existentes-ao-interessado143
corte-isolado-de-arvores-nativas-cani195;meio-ambiente;Meio Ambiente;Solicitar autorização ambiental para Corte Isolado de Árvores Nativas (CANI);IMASUL;Instituto de Meio Ambiente de Mato Grosso do Sul;Híbrido;https://www.ms.gov.br/meio-ambiente/corte-isolado-de-arvores-nativas-cani195;121;meio-ambiente/corte-isolado-de-arvores-nativas-cani195
seguro-desemprego102;trabalho-emprego-e-previdencia;Trabalho Emprego E Previdencia;Solicitar seguro-desemprego;FUNTRAB;Fundação de Trabalho de Mato Grosso do Sul;Digital;https://www.ms.gov.br/trabalho-emprego-e-previdencia/seguro-desemprego102;120;trabalho-emprego-e-previdencia/seguro-desemprego102
solicitar-emissao-de-carteira-de-identidade-funcional104;seguranca;Seguranca;Solicitar emissão de Carteira de Identidade Funcional;AGEPEN;Agência Estadual de Administração do Sistema Penitenciário;Presencial;https://www.ms.gov.br/seguranca/solicitar-emissao-de-carteira-de-identidade-funcional104;119;seguranca//solicitar-emissao-de-carteira-de-identidade-funcional104
cadastramento-da-agricultura-familiar82;agropecuaria-e-vida-rural;Agropecuaria E Vida Rural;Solicitar cadastramento da agricultura rural familiar;AGRAER;Agência de Desenvolvimento Agrário e Extensão Rural de Mato Grosso do Sul;Presencial;https://www.ms.gov.br/agropecuaria-e-vida-rural/cadastramento-da-agricultura-familiar82;118;agropecuaria-e-vida-rural/cadastramento-da-agricultura-familiar82
redefinir-senha-de-e-mail-siriema162;ciencia-e-tecnologia;Ciencia E Tecnologia;Redefinir senha de e-mail SIRIEMA;SEGOV MS;Secretaria de Estado de Governo e Gestão Estratégica de Mato Grosso do Sul;Digital;https://www.ms.gov.br/ciencia-e-tecnologia/redefinir-senha-de-e-mail-siriema162;116;ciencia-e-tecnologia//redefinir-senha-de-e-mail-siriema162
comunicacao-de-venda-de-veiculo85;transito-e-transportes;Transito E Transportes;Comunicar venda de veículo;DETRAN;Departamento Estadual de Trânsito de Mato Grosso do Sul;Presencial;https://www.ms.gov.br/transito-e-transportes/comunicacao-de-venda-de-veiculo85;114;transito-e-transportes//comunicacao-de-venda-de-veiculo85
cadastro-do-comercio-industria-e-servicos-ccis-inscricao-de-cerealista119;empresa-industria-e-comercio;Empresa Industria E Comercio;Cadastro do comércio, indústria e serviços (CCIS) - inscrição de cerealista;SEFAZ MS;Secretaria de Estado de Fazenda de Mato Grosso do Sul;Presencial;https://www.ms.gov.br/empresa-industria-e-comercio/cadastro-do-comercio-industria-e-servicos-ccis-inscricao-de-cerealista119;112;empresa-industria-e-comercio/cadastro-do-comercio-industria-e-servicos-ccis-inscricao-de-cerealista119//index
demonstrativos-de-ppd-de-icms-e-itcd13;financas-e-impostos;Financas E Impostos;Demonstrativos de PPD de ICMS e ITCD;SEFAZ MS;Secretaria de Estado de Fazenda de Mato Grosso do Sul;Presencial;https://www.ms.gov.br/financas-e-impostos/demonstrativos-de-ppd-de-icms-e-itcd13;110;financas-e-impostos/demonstrativos-de-ppd-de-icms-e-itcd13
cadastro-de-responsavel-tecnico-para-cultivos-agricolas70;agropecuaria-e-vida-rural;Agropecuaria E Vida Rural;Cadastrar-se como colaborador para cultivos e estabelecimentos de insumos agrícolas;IAGRO;Agência Estadual de Defesa Sanitária Animal Vegetal  Mato Grosso do Sul;Presencial;https://www.ms.gov.br/agropecuaria-e-vida-rural/cadastro-de-responsavel-tecnico-para-cultivos-agricolas70;109;agropecuaria-e-vida-rural//cadastro-de-responsavel-tecnico-para-cultivos-agricolas70
icms-st-pedido-de-ressarcimento-subanexo-ii-ao-anexo-iii-do-ricms117;empresa-industria-e-comercio;Empresa Industria E Comercio;ICMS ST - pedido de ressarcimento - Subanexo II ao Anexo III do RICMS;SEFAZ MS;Secretaria de Estado de Fazenda de Mato Grosso do Sul;Presencial;https://www.ms.gov.br/empresa-industria-e-comercio/icms-st-pedido-de-ressarcimento-subanexo-ii-ao-anexo-iii-do-ricms117;109;empresa-industria-e-comercio/icms-st-pedido-de-ressarcimento-subanexo-ii-ao-anexo-iii-do-ricms117
posto-de-atendimento-facil123;habitacao;Habitacao;Solicitar atendimento nos postos fácil;AGEHAB;Agência de Habitação Popular de Mato Grosso do Sul;Presencial;https://www.ms.gov.br/habitacao/posto-de-atendimento-facil123;109;habitacao/posto-de-atendimento-facil123//index
estimulo-a-inovacao-nas-empresas140;ciencia-e-tecnologia;Ciencia E Tecnologia;Solicitar apoio financeiro para financiamento de atividades de pesquisa, desenvolvimento tecnológico e inovação em empresas;FUNDECT;Fundação de Apoio ao Desenvolvimento do Ensino, Ciência e Tecnologia de Mato Grosso do Sul;Presencial;https://www.ms.gov.br/ciencia-e-tecnologia/estimulo-a-inovacao-nas-empresas140;109;ciencia-e-tecnologia/estimulo-a-inovacao-nas-empresas140//index
escrituracao-fiscal-digital-efd-retificacao169;financas-e-impostos;Financas E Impostos;Escrituração fiscal digital (EFD) - retificação;SEFAZ MS;Secretaria de Estado de Fazenda de Mato Grosso do Sul;Presencial;https://www.ms.gov.br/financas-e-impostos/escrituracao-fiscal-digital-efd-retificacao169;108;financas-e-impostos/escrituracao-fiscal-digital-efd-retificacao169
auto-de-lancamento-e-de-imposicao-de-multa-alim-mod-2-solicitacao-de-lavratura-referente-a-termo-de-apreensao-ta-conforme-art-4o-da-instrucao-normativasat-no-001-de-23-de-janeiro-de-20201;financas-e-impostos;Financas E Impostos;Auto de lançamento e de imposição de multa (ALIM), mod. 2 - solicitação de lavratura referente a termo de apreensão (TA), conforme art. 4º da Instrução Normativa/SAT nº 001/2020;SEFAZ MS;Secretaria de Estado de Fazenda de Mato Grosso do Sul;Presencial;https://www.ms.gov.br/financas-e-impostos/auto-de-lancamento-e-de-imposicao-de-multa-alim-mod-2-solicitacao-de-lavratura-referente-a-termo-de-apreensao-ta-conforme-art-4o-da-instrucao-normativasat-no-001-de-23-de-janeiro-de-20201;106;financas-e-impostos/auto-de-lancamento-e-de-imposicao-de-multa-alim-mod-2-solicitacao-de-lavratura-referente-a-termo-de-apreensao-ta-conforme-art-4o-da-instrucao-normativasat-no-001-de-23-de-janeiro-de-20201//index
icms-isencao-na-aquisicao-de-automovel-novo-para-portadores-de-deficiencia-mental-sindrome-de-down-ou-autista47;financas-e-impostos;Financas E Impostos;ICMS - isenção na aquisição de automóvel novo para portadores de deficiência mental, síndrome de down ou autista;SEFAZ MS;Secretaria de Estado de Fazenda de Mato Grosso do Sul;Presencial;https://www.ms.gov.br/financas-e-impostos/icms-isencao-na-aquisicao-de-automovel-novo-para-portadores-de-deficiencia-mental-sindrome-de-down-ou-autista47;105;financas-e-impostos//icms-isencao-na-aquisicao-de-automovel-novo-para-portadores-de-deficiencia-mental-sindrome-de-down-ou-autista47
cadastro-da-agropecuaria-cap-inscricao-de-apicultor-e-de-meliponicultor168;agropecuaria-e-vida-rural;Agropecuaria E Vida Rural;Cadastro da agropecuária (CAP) - inscrição de apicultor e de meliponicultor;SEFAZ MS;Secretaria de Estado de Fazenda de Mato Grosso do Sul;Presencial;https://www.ms.gov.br/agropecuaria-e-vida-rural/cadastro-da-agropecuaria-cap-inscricao-de-apicultor-e-de-meliponicultor168;104;agropecuaria-e-vida-rural/cadastro-da-agropecuaria-cap-inscricao-de-apicultor-e-de-meliponicultor168
comunicacao-pelo-contabilista-das-hipoteses-de-que-trata-o-inciso-iii-do-artigo1o-da-portariasat-no-18342007184;financas-e-impostos;Financas E Impostos;Comunicação pelo contabilista das hipóteses de que trata o inciso III do artigo 1º da Portaria/SAT nº 1.834/2007;SEFAZ MS;Secretaria de Estado de Fazenda de Mato Grosso do Sul;Presencial;https://www.ms.gov.br/financas-e-impostos/comunicacao-pelo-contabilista-das-hipoteses-de-que-trata-o-inciso-iii-do-artigo1o-da-portariasat-no-18342007184;104;financas-e-impostos/comunicacao-pelo-contabilista-das-hipoteses-de-que-trata-o-inciso-iii-do-artigo1o-da-portariasat-no-18342007184
censo-previdenciario128;trabalho-emprego-e-previdencia;Trabalho Emprego E Previdencia;Fazer o recenseamento previdenciário;AGEPREV;Agência de Previdência Social de Mato Grosso do Sul;Presencial;https://www.ms.gov.br/trabalho-emprego-e-previdencia/censo-previdenciario128;103;trabalho-emprego-e-previdencia//censo-previdenciario128
divulgar-instituicao-de-ensino-oferecendo-descontos-para-servidores-publicos180;educacao-e-pesquisa;Educacao E Pesquisa;Oferecer parceria de descontos para servidores estaduais;ESCOLAGOV;Fundação Escola de Governo;Presencial;https://www.ms.gov.br/educacao-e-pesquisa/divulgar-instituicao-de-ensino-oferecendo-descontos-para-servidores-publicos180;103;educacao-e-pesquisa/divulgar-instituicao-de-ensino-oferecendo-descontos-para-servidores-publicos180//index
selecao-e-ingresso-de-pessoal-por-meio-de-concursos-publicos-processos-seletivos-internos-e-processos-seletivos-simplificados149;administracao-publica;Administracao Publica;Seleção e Ingresso de Pessoal por meio de Concursos Públicos, Processos Seletivos Internos e Processos Seletivos Simplificados;SAD;Secretaria de Estado de Administração de Mato Grosso do Sul;Presencial;https://www.ms.gov.br/administracao-publica/selecao-e-ingresso-de-pessoal-por-meio-de-concursos-publicos-processos-seletivos-internos-e-processos-seletivos-simplificados149;102;administracao-publica/selecao-e-ingresso-de-pessoal-por-meio-de-concursos-publicos-processos-seletivos-internos-e-processos-seletivos-simplificados149
emissao-de-certidao-de-atendimento66;administracao-publica;Administracao Publica;Solicitar emissão de certidão de atendimento de emergência;SEJUSP;Secretaria de Estado de Justiça e Segurança Pública de Mato Grosso do Sul;Híbrido;https://www.ms.gov.br/administracao-publica/emissao-de-certidao-de-atendimento66;101;administracao-publica/emissao-de-certidao-de-atendimento66
solicitar-agendamento-de-examereexame-teorico-tecnico-curso-especializado42;transito-e-transportes;Transito E Transportes;Solicitar Agendamento de Exame/Reexame Teórico Técnico Curso Especializado;DETRAN;Departamento Estadual de Trânsito de Mato Grosso do Sul;Digital;https://www.ms.gov.br/transito-e-transportes/solicitar-agendamento-de-examereexame-teorico-tecnico-curso-especializado42;101;transito-e-transportes//solicitar-agendamento-de-examereexame-teorico-tecnico-curso-especializado42
solicitar-agendamento-de-examereexame-teorico-tecnico-renovacao-cnh85;transito-e-transportes;Transito E Transportes;Solicitar Agendamento de Exame/Reexame Teórico Técnico Renovação CNH;DETRAN;Departamento Estadual de Trânsito de Mato Grosso do Sul;Digital;https://www.ms.gov.br/transito-e-transportes/solicitar-agendamento-de-examereexame-teorico-tecnico-renovacao-cnh85;100;transito-e-transportes//solicitar-agendamento-de-examereexame-teorico-tecnico-renovacao-cnh85
programa-de-avancos-na-pecuaria-de-mato-grosso-do-sul-proape-sub-programa-peixe-vida121;agropecuaria-e-vida-rural;Agropecuaria E Vida Rural;Solicitar inclusão no programa Peixe Vida;SEMADESC;Secretaria de Estado de Meio Ambiente, Desenvolvimento, Ciência, Tecnologia e Inovação de Mato Grosso do Sul;Presencial;https://www.ms.gov.br/agropecuaria-e-vida-rural/programa-de-avancos-na-pecuaria-de-mato-grosso-do-sul-proape-sub-programa-peixe-vida121;99;agropecuaria-e-vida-rural/programa-de-avancos-na-pecuaria-de-mato-grosso-do-sul-proape-sub-programa-peixe-vida121//index
debito-fiscal-baixa-de-notificacao-crd159;financas-e-impostos;Financas E Impostos;Débito fiscal - baixa de notificação CRD;SEFAZ MS;Secretaria de Estado de Fazenda de Mato Grosso do Sul;Presencial;https://www.ms.gov.br/financas-e-impostos/debito-fiscal-baixa-de-notificacao-crd159;98;financas-e-impostos/debito-fiscal-baixa-de-notificacao-crd159
pedir-revisao-de-divida-inscrita-prdi3;administracao-publica;Administracao Publica;Pedir Revisão de Dívida Inscrita (PRDI);PGE MS;Procuradoria Geral do Estado de Mato Grosso do Sul;Digital;https://www.ms.gov.br/administracao-publica/pedir-revisao-de-divida-inscrita-prdi3;96;administracao-publica/pedir-revisao-de-divida-inscrita-prdi3
solicitar-carteira-nacional-de-habilitacao-definitiva104;transito-e-transportes;Transito E Transportes;Solicitar Carteira Nacional de Habilitação - Definitiva;DETRAN;Departamento Estadual de Trânsito de Mato Grosso do Sul;Digital;https://www.ms.gov.br/transito-e-transportes/solicitar-carteira-nacional-de-habilitacao-definitiva104;96;transito-e-transportes//solicitar-carteira-nacional-de-habilitacao-definitiva104
consultar-legislacao56;agropecuaria-e-vida-rural;Agropecuaria E Vida Rural;Consultar legislaçâo;IAGRO;Agência Estadual de Defesa Sanitária Animal Vegetal  Mato Grosso do Sul;Presencial;https://www.ms.gov.br/agropecuaria-e-vida-rural/consultar-legislacao56;94;agropecuaria-e-vida-rural/consultar-legislacao56//index
conhecimento-de-transporte-eletronico-ct-e-modelo-57-e-conhecimento-de-transporte-eletronico-para-outros-servicos-ct-e-os-modelo-67-pedido-de-cancelamento-extemporaneo157;empresa-industria-e-comercio;Empresa Industria E Comercio;Conhecimento de transporte eletrônico (CT-e), modelo 57 e Conhecimento de transporte eletrônico para outros serviços (CT-e OS), modelo 67 - cancelamento extemporâneo;SEFAZ MS;Secretaria de Estado de Fazenda de Mato Grosso do Sul;Presencial;https://www.ms.gov.br/empresa-industria-e-comercio/conhecimento-de-transporte-eletronico-ct-e-modelo-57-e-conhecimento-de-transporte-eletronico-para-outros-servicos-ct-e-os-modelo-67-pedido-de-cancelamento-extemporaneo157;92;empresa-industria-e-comercio/conhecimento-de-transporte-eletronico-ct-e-modelo-57-e-conhecimento-de-transporte-eletronico-para-outros-servicos-ct-e-os-modelo-67-pedido-de-cancelamento-extemporaneo157
solicitar-pedido-de-vista-e-copia126;administracao-publica;Administracao Publica;Solicitar pedido de vista e cópia;AGEHAB;Agência de Habitação Popular de Mato Grosso do Sul;Digital;https://www.ms.gov.br/administracao-publica/solicitar-pedido-de-vista-e-copia126;92;administracao-publica/solicitar-pedido-de-vista-e-copia126
solicitar-certidao-de-localizacao-quanto-ao-municipio183;agropecuaria-e-vida-rural;Agropecuaria E Vida Rural;Solicitar certidão de localização quanto ao município;AGRAER;Agência de Desenvolvimento Agrário e Extensão Rural de Mato Grosso do Sul;Presencial;https://www.ms.gov.br/agropecuaria-e-vida-rural/solicitar-certidao-de-localizacao-quanto-ao-municipio183;91;agropecuaria-e-vida-rural/solicitar-certidao-de-localizacao-quanto-ao-municipio183
fornecimento-de-medicamentos-da-assistencia-farmaceutica-estadual-componente-basico147;saude-e-cuidado;Saude E Cuidado;Solicitar fornecimento de medicamentos da assistência farmacêutica estadual - componente básico;SES;Secretaria de Estado de Saúde de Mato Grosso do Sul;Presencial;https://www.ms.gov.br/saude-e-cuidado/fornecimento-de-medicamentos-da-assistencia-farmaceutica-estadual-componente-basico147;91;saude-e-cuidado//fornecimento-de-medicamentos-da-assistencia-farmaceutica-estadual-componente-basico147
autenticar-livro-digital30;empresa-industria-e-comercio;Empresa Industria E Comercio;Autenticar livro digital;JUCEMS;Junta Comercial do Estado de Mato Grosso do Sul;Digital;https://www.ms.gov.br/empresa-industria-e-comercio/autenticar-livro-digital30;90;empresa-industria-e-comercio//autenticar-livro-digital30
transferencia-de-propriedade-veicular1;transito-e-transportes;Transito E Transportes;Transferir propriedade do veículo;DETRAN;Departamento Estadual de Trânsito de Mato Grosso do Sul;Digital;https://www.ms.gov.br/transito-e-transportes/transferencia-de-propriedade-veicular1;89;transito-e-transportes//transferencia-de-propriedade-veicular1
registar-reclamacao-solicitacao-sugestao-e-elogio96;direitos-e-cidadania;Direitos E Cidadania;Registrar reclamação, solicitação, sugestão e elogio;PCMS;Polícia Civil de Mato Grosso do Sul;Híbrido;https://www.ms.gov.br/direitos-e-cidadania/registar-reclamacao-solicitacao-sugestao-e-elogio96;89;direitos-e-cidadania/registar-reclamacao-solicitacao-sugestao-e-elogio96
consultar-valor-de-pedagio-das-rodovias-concedidas-em-ms195;transito-e-transportes;Transito E Transportes;Consultar valor de pedágio das rodovias concedidas em MS;AGEMS;Agência Estadual de Regulação de Serviços Públicos de Mato Grosso do Sul;Digital;https://www.ms.gov.br/transito-e-transportes/consultar-valor-de-pedagio-das-rodovias-concedidas-em-ms195;89;transito-e-transportes//consultar-valor-de-pedagio-das-rodovias-concedidas-em-ms195
servico-de-imagem-e-diagnostico28;saude-e-cuidado;Saude E Cuidado;Solicitar serviço de imagem e diagnóstico;FUNSAU;Fundação Serviços de Saúde de MS;Presencial;https://www.ms.gov.br/saude-e-cuidado/servico-de-imagem-e-diagnostico28;88;saude-e-cuidado/servico-de-imagem-e-diagnostico28//index
programa-ms-industria140;empresa-industria-e-comercio;Empresa Industria E Comercio;Solicitar inclusão no programa MS INDUSTRIA;SEMADESC;Secretaria de Estado de Meio Ambiente, Desenvolvimento, Ciência, Tecnologia e Inovação de Mato Grosso do Sul;Presencial;https://www.ms.gov.br/empresa-industria-e-comercio/programa-ms-industria140;88;empresa-industria-e-comercio/programa-ms-industria140//index
declaracao-anual-de-produtor-dap-pedido-de-copia168;agropecuaria-e-vida-rural;Agropecuaria E Vida Rural;Declaração anual de produtor (DAP) - pedido de cópia;SEFAZ MS;Secretaria de Estado de Fazenda de Mato Grosso do Sul;Presencial;https://www.ms.gov.br/agropecuaria-e-vida-rural/declaracao-anual-de-produtor-dap-pedido-de-copia168;87;agropecuaria-e-vida-rural/declaracao-anual-de-produtor-dap-pedido-de-copia168
registrar-manifestacao-na-ouvidoria189;administracao-publica;Administracao Publica;Registrar manifestação sobre serviços fiscalizados pela AGEMS;AGEMS;Agência Estadual de Regulação de Serviços Públicos de Mato Grosso do Sul;Digital;https://www.ms.gov.br/administracao-publica/registrar-manifestacao-na-ouvidoria189;87;administracao-publica/registrar-manifestacao-na-ouvidoria189//index
solicitar-processo-primeira-habilitacao-permissao-para-dirigir-ppd42;transito-e-transportes;Transito E Transportes;Solicitar Processo Primeira Habilitação (Permissão para Dirigir-PpD);DETRAN;Departamento Estadual de Trânsito de Mato Grosso do Sul;Digital;https://www.ms.gov.br/transito-e-transportes/solicitar-processo-primeira-habilitacao-permissao-para-dirigir-ppd42;86;transito-e-transportes/solicitar-processo-primeira-habilitacao-permissao-para-dirigir-ppd42//index
nota-fiscal-de-empresas-cancelamento-por-motivo-de-extravio56;empresa-industria-e-comercio;Empresa Industria E Comercio;Nota fiscal de empresas - cancelamento por motivo de extravio;SEFAZ MS;Secretaria de Estado de Fazenda de Mato Grosso do Sul;Presencial;https://www.ms.gov.br/empresa-industria-e-comercio/nota-fiscal-de-empresas-cancelamento-por-motivo-de-extravio56;86;empresa-industria-e-comercio//nota-fiscal-de-empresas-cancelamento-por-motivo-de-extravio56
emitir-ficha-cadastral-digital59;empresa-industria-e-comercio;Empresa Industria E Comercio;Emitir ficha cadastral digital;JUCEMS;Junta Comercial do Estado de Mato Grosso do Sul;Híbrido;https://www.ms.gov.br/empresa-industria-e-comercio/emitir-ficha-cadastral-digital59;86;empresa-industria-e-comercio//emitir-ficha-cadastral-digital59
ipva-veiculo-recebido-em-sorteio-da-administracao-publica28;financas-e-impostos;Financas E Impostos;IPVA - veículo recebido em sorteio da Administração Pública;SEFAZ MS;Secretaria de Estado de Fazenda de Mato Grosso do Sul;Presencial;https://www.ms.gov.br/financas-e-impostos/ipva-veiculo-recebido-em-sorteio-da-administracao-publica28;85;financas-e-impostos//ipva-veiculo-recebido-em-sorteio-da-administracao-publica28
solicitar-emissao-de-2a-via-de-conta-de-agua-e-esgoto113;empresa-industria-e-comercio;Empresa Industria E Comercio;Solicitar 2ª via de conta;SANESUL;Empresa de Saneamento de Mato Grosso do Sul;Digital;https://www.ms.gov.br/empresa-industria-e-comercio/solicitar-emissao-de-2a-via-de-conta-de-agua-e-esgoto113;84;empresa-industria-e-comercio//solicitar-emissao-de-2a-via-de-conta-de-agua-e-esgoto113
0333-proe-divisao-de-ingresso-discente-dindproe-sisu-sistema-de-selecao-unificada42;educacao-e-pesquisa;Educacao E Pesquisa;Inscrever no processo de seleção unificada SISU sistema de seleção unificada;UEMS;Universidade Estadual de Mato Grosso do Sul;Presencial;https://www.ms.gov.br/educacao-e-pesquisa/0333-proe-divisao-de-ingresso-discente-dindproe-sisu-sistema-de-selecao-unificada42;83;educacao-e-pesquisa//0333-proe-divisao-de-ingresso-discente-dindproe-sisu-sistema-de-selecao-unificada42
cadastro-do-comercio-industria-e-servicos-ccis-inscricao-de-frigorificos112;empresa-industria-e-comercio;Empresa Industria E Comercio;Cadastro do comércio, indústria e serviços (CCIS) - inscrição de frigoríficos;SEFAZ MS;Secretaria de Estado de Fazenda de Mato Grosso do Sul;Presencial;https://www.ms.gov.br/empresa-industria-e-comercio/cadastro-do-comercio-industria-e-servicos-ccis-inscricao-de-frigorificos112;82;empresa-industria-e-comercio/cadastro-do-comercio-industria-e-servicos-ccis-inscricao-de-frigorificos112
escrituracao-fiscal-digital-efd-credenciamento-voluntario131;financas-e-impostos;Financas E Impostos;Escrituração fiscal digital (EFD) - credenciamento voluntário;SEFAZ MS;Secretaria de Estado de Fazenda de Mato Grosso do Sul;Presencial;https://www.ms.gov.br/financas-e-impostos/escrituracao-fiscal-digital-efd-credenciamento-voluntario131;82;financas-e-impostos/escrituracao-fiscal-digital-efd-credenciamento-voluntario131
protocolar-defesa-e-recurso-a-processo-administrativo-de-suspensaocassacao-de-cnh71;transito-e-transportes;Transito E Transportes;Protocolar defesa e recurso a processo administrativo de suspensão/cassação de CNH;DETRAN;Departamento Estadual de Trânsito de Mato Grosso do Sul;Digital;https://www.ms.gov.br/transito-e-transportes/protocolar-defesa-e-recurso-a-processo-administrativo-de-suspensaocassacao-de-cnh71;81;transito-e-transportes//protocolar-defesa-e-recurso-a-processo-administrativo-de-suspensaocassacao-de-cnh71
consultar-receita-medica-digital136;saude-e-cuidado;Saude E Cuidado;Consultar receita médica digital;SES;Secretaria de Estado de Saúde de Mato Grosso do Sul;Digital;https://www.ms.gov.br/saude-e-cuidado/consultar-receita-medica-digital136;81;saude-e-cuidado//consultar-receita-medica-digital136
solicitar-pedido-de-vista-e-copia105;meio-ambiente;Meio Ambiente;Solicitar cópia de processo ambiental;IMASUL;Instituto de Meio Ambiente de Mato Grosso do Sul;Presencial;https://www.ms.gov.br/meio-ambiente/solicitar-pedido-de-vista-e-copia105;81;meio-ambiente//solicitar-pedido-de-vista-e-copia105
atendimento-da-equipe-de-comunicacao185;comunicacao-e-transparencia;Comunicacao E Transparencia;Atendimento da equipe de comunicação;UEMS;Universidade Estadual de Mato Grosso do Sul;Híbrido;https://www.ms.gov.br/comunicacao-e-transparencia/atendimento-da-equipe-de-comunicacao185;81;comunicacao-e-transparencia//atendimento-da-equipe-de-comunicacao185
cadastro-da-agropecuaria-cap-reativacao-de-inscricao-estadual-suspensa-por-vencimento-de-contrato138;agropecuaria-e-vida-rural;Agropecuaria E Vida Rural;Cadastro da agropecuária (CAP) - reativação de inscrição estadual suspensa por vencimento de contrato;SEFAZ MS;Secretaria de Estado de Fazenda de Mato Grosso do Sul;Presencial;https://www.ms.gov.br/agropecuaria-e-vida-rural/cadastro-da-agropecuaria-cap-reativacao-de-inscricao-estadual-suspensa-por-vencimento-de-contrato138;80;agropecuaria-e-vida-rural/cadastro-da-agropecuaria-cap-reativacao-de-inscricao-estadual-suspensa-por-vencimento-de-contrato138
pronto-atendimento-medico-pam52;saude-e-cuidado;Saude E Cuidado;Solicitar atendimento de urgência e emergência;FUNSAU;Fundação Serviços de Saúde de MS;Presencial;https://www.ms.gov.br/saude-e-cuidado/pronto-atendimento-medico-pam52;80;saude-e-cuidado/pronto-atendimento-medico-pam52
solicitar-suporte-tecnico-relacionado-a-seguranca-contra-incendio-e-panico5;seguranca;Seguranca;Solicitar suporte técnico relacionado à segurança contra incêndio e pânico;CBMMS;Corpo de Bombeiros Militar;Presencial;https://www.ms.gov.br/seguranca/solicitar-suporte-tecnico-relacionado-a-seguranca-contra-incendio-e-panico5;80;seguranca/solicitar-suporte-tecnico-relacionado-a-seguranca-contra-incendio-e-panico5
autorizacao-de-empresas-permissionarias-para-fins-de-reparo-e-manutencao-de-instrumentos-de-medicao-regulamentados31;administracao-publica;Administracao Publica;Requerer autorização de empresas permissionárias para fins de reparo e manutenção de instrumentos de medição regulamentados;AEM;Agência Estadual de Metrologia de Mato Grosso do Sul;Presencial;https://www.ms.gov.br/administracao-publica/autorizacao-de-empresas-permissionarias-para-fins-de-reparo-e-manutencao-de-instrumentos-de-medicao-regulamentados31;79;administracao-publica/autorizacao-de-empresas-permissionarias-para-fins-de-reparo-e-manutencao-de-instrumentos-de-medicao-regulamentados31//index
solicitar-certidao-de-inteiro-teor165;agropecuaria-e-vida-rural;Agropecuaria E Vida Rural;Solicitar certidão de inteiro teor;AGRAER;Agência de Desenvolvimento Agrário e Extensão Rural de Mato Grosso do Sul;Presencial;https://www.ms.gov.br/agropecuaria-e-vida-rural/solicitar-certidao-de-inteiro-teor165;78;agropecuaria-e-vida-rural/solicitar-certidao-de-inteiro-teor165
atendimento-ao-segurado189;trabalho-emprego-e-previdencia;Trabalho Emprego E Previdencia;Buscar atendimento previdenciário – servidores, aposentados e pensionistas;AGEPREV;Agência de Previdência Social de Mato Grosso do Sul;Digital;https://www.ms.gov.br/trabalho-emprego-e-previdencia/atendimento-ao-segurado189;78;trabalho-emprego-e-previdencia//atendimento-ao-segurado189
icms-equalizacao-simples-nacional-revisao-da-cobranca-on-line147;empresa-industria-e-comercio;Empresa Industria E Comercio;ICMS Equalização Simples Nacional - 1ª revisão de cobrança - módulo Informações Fiscais;SEFAZ MS;Secretaria de Estado de Fazenda de Mato Grosso do Sul;Presencial;https://www.ms.gov.br/empresa-industria-e-comercio/icms-equalizacao-simples-nacional-revisao-da-cobranca-on-line147;76;empresa-industria-e-comercio/icms-equalizacao-simples-nacional-revisao-da-cobranca-on-line147
atendimento-para-esclarecimentos-sobre-certificacao-do-ensino-medio-pelo-enem-no-periodo-de-2009-a-2012114;comunicacao-e-transparencia;Comunicacao E Transparencia;Solicitar certificação do Ensino Médio por meio do Enem, no período de 2009 a 2012;SED MS;Secretaria de Estado de Educação de Mato Grosso do Sul;Presencial;https://www.ms.gov.br/comunicacao-e-transparencia/atendimento-para-esclarecimentos-sobre-certificacao-do-ensino-medio-pelo-enem-no-periodo-de-2009-a-2012114;75;comunicacao-e-transparencia//atendimento-para-esclarecimentos-sobre-certificacao-do-ensino-medio-pelo-enem-no-periodo-de-2009-a-2012114
parecer-de-viabilidade-tecnica54;saude-e-cuidado;Saude E Cuidado;Solicitar parecer de viabilidade técnica de condição sanitária;SES;Secretaria de Estado de Saúde de Mato Grosso do Sul;Presencial;https://www.ms.gov.br/saude-e-cuidado/parecer-de-viabilidade-tecnica54;74;saude-e-cuidado/parecer-de-viabilidade-tecnica54
junta-medica-e-junta-psicologica147;transito-e-transportes;Transito E Transportes;Solicitar Avaliação por Junta Médica/Psicológica em Processo de Habilitação;DETRAN;Departamento Estadual de Trânsito de Mato Grosso do Sul;Digital;https://www.ms.gov.br/transito-e-transportes/junta-medica-e-junta-psicologica147;74;transito-e-transportes//junta-medica-e-junta-psicologica147
concorrer-ao-premio-sul-mato-grossense-de-inovacao-na-gestao-publica142;educacao-e-pesquisa;Educacao E Pesquisa;Concorrer ao Prêmio Sul-Mato-Grossense de Inovação na Gestão Pública;ESCOLAGOV;Fundação Escola de Governo;Presencial;https://www.ms.gov.br/educacao-e-pesquisa/concorrer-ao-premio-sul-mato-grossense-de-inovacao-na-gestao-publica142;74;educacao-e-pesquisa/concorrer-ao-premio-sul-mato-grossense-de-inovacao-na-gestao-publica142//index
criar-senha-de-carteira-de-pesca171;ciencia-e-tecnologia;Ciencia E Tecnologia;Criar senha de carteira de Pesca;SEGOV MS;Secretaria de Estado de Governo e Gestão Estratégica de Mato Grosso do Sul;Digital;https://www.ms.gov.br/ciencia-e-tecnologia/criar-senha-de-carteira-de-pesca171;74;ciencia-e-tecnologia//criar-senha-de-carteira-de-pesca171
autorizacao-especifica-armazenagem-de-alcool-combustivel-ou-acucar-em-outra-usina-com-diferimento-do-icms133;empresa-industria-e-comercio;Empresa Industria E Comercio;Autorização específica - armazenagem de álcool combustível ou açúcar em outra usina com diferimento do ICMS;SEFAZ MS;Secretaria de Estado de Fazenda de Mato Grosso do Sul;Presencial;https://www.ms.gov.br/empresa-industria-e-comercio/autorizacao-especifica-armazenagem-de-alcool-combustivel-ou-acucar-em-outra-usina-com-diferimento-do-icms133;72;empresa-industria-e-comercio/autorizacao-especifica-armazenagem-de-alcool-combustivel-ou-acucar-em-outra-usina-com-diferimento-do-icms133//index
cadastro-da-agropecuaria-cap-inscricao-de-produtor-rural-em-terras-indigenas192;agropecuaria-e-vida-rural;Agropecuaria E Vida Rural;Cadastro da agropecuária (CAP) - inscrição de produtor rural em terras indígenas;SEFAZ MS;Secretaria de Estado de Fazenda de Mato Grosso do Sul;Presencial;https://www.ms.gov.br/agropecuaria-e-vida-rural/cadastro-da-agropecuaria-cap-inscricao-de-produtor-rural-em-terras-indigenas192;72;agropecuaria-e-vida-rural/cadastro-da-agropecuaria-cap-inscricao-de-produtor-rural-em-terras-indigenas192
cadastro-do-comercio-industria-e-servicos-ccis-inscricao-de-contribuinte-de-outras-unidades-da-federacao-como-substituto-tributario-nas-operacoes-com-combustiveis-liquidos-e-gasosos-e-lubrificantes-e-respectivas-manutencoes-cadastrais186;empresa-industria-e-comercio;Empresa Industria E Comercio;Cadastro do comércio, indústria e serviços (CCIS) - inscrição de contribuinte de outras unidades da federação como substituto tributário nas operações com combustíveis líquidos e gasosos e lubrificantes e respectivas manutenções cadastrais;SEFAZ MS;Secretaria de Estado de Fazenda de Mato Grosso do Sul;Presencial;https://www.ms.gov.br/empresa-industria-e-comercio/cadastro-do-comercio-industria-e-servicos-ccis-inscricao-de-contribuinte-de-outras-unidades-da-federacao-como-substituto-tributario-nas-operacoes-com-combustiveis-liquidos-e-gasosos-e-lubrificantes-e-respectivas-manutencoes-cadastrais186;72;empresa-industria-e-comercio/cadastro-do-comercio-industria-e-servicos-ccis-inscricao-de-contribuinte-de-outras-unidades-da-federacao-como-substituto-tributario-nas-operacoes-com-combustiveis-liquidos-e-gasosos-e-lubrificantes-e-respectivas-manutencoes-cadastrais186
solicitar-consumo-final69;empresa-industria-e-comercio;Empresa Industria E Comercio;Solicitar consumo final da ligação;SANESUL;Empresa de Saneamento de Mato Grosso do Sul;Presencial;https://www.ms.gov.br/empresa-industria-e-comercio/solicitar-consumo-final69;72;empresa-industria-e-comercio/solicitar-consumo-final69
icms-compensacao-centralizada-de-saldos-devedores-e-credores137;empresa-industria-e-comercio;Empresa Industria E Comercio;ICMS - compensação centralizada de saldos devedores e credores;SEFAZ MS;Secretaria de Estado de Fazenda de Mato Grosso do Sul;Presencial;https://www.ms.gov.br/empresa-industria-e-comercio/icms-compensacao-centralizada-de-saldos-devedores-e-credores137;71;empresa-industria-e-comercio/icms-compensacao-centralizada-de-saldos-devedores-e-credores137
emissao-de-autorizacoes-ambientais-para-a-pesca-profissional86;meio-ambiente;Meio Ambiente;Solicitar autorização ambiental para pesca profissional;IMASUL;Instituto de Meio Ambiente de Mato Grosso do Sul;Presencial;https://www.ms.gov.br/meio-ambiente/emissao-de-autorizacoes-ambientais-para-a-pesca-profissional86;71;meio-ambiente//emissao-de-autorizacoes-ambientais-para-a-pesca-profissional86
combate-a-incendios-urbanos-e-rurais173;seguranca;Seguranca;Solicitar combate a incêndios urbanos e rurais;CBMMS;Corpo de Bombeiros Militar;Presencial;https://www.ms.gov.br/seguranca/combate-a-incendios-urbanos-e-rurais173;70;seguranca/combate-a-incendios-urbanos-e-rurais173//index
autorizacao-para-impressao-de-documentos-fiscais-aidf173;empresa-industria-e-comercio;Empresa Industria E Comercio;Autorização para impressão de documentos fiscais (AIDF);SEFAZ MS;Secretaria de Estado de Fazenda de Mato Grosso do Sul;Presencial;https://www.ms.gov.br/empresa-industria-e-comercio/autorizacao-para-impressao-de-documentos-fiscais-aidf173;70;empresa-industria-e-comercio/autorizacao-para-impressao-de-documentos-fiscais-aidf173
requerer-regularizacao-de-debitos-parcelamentos90;administracao-publica;Administracao Publica;Requerer regularização de débitos / parcelamentos;AEM;Agência Estadual de Metrologia de Mato Grosso do Sul;Presencial;https://www.ms.gov.br/administracao-publica/requerer-regularizacao-de-debitos-parcelamentos90;70;administracao-publica/requerer-regularizacao-de-debitos-parcelamentos90
certidao-negativa166;meio-ambiente;Meio Ambiente;Solicitar declaração negativa relativo a multa ambiental;IMASUL;Instituto de Meio Ambiente de Mato Grosso do Sul;Presencial;https://www.ms.gov.br/meio-ambiente/certidao-negativa166;69;meio-ambiente/certidao-negativa166
apoio-a-projetos-de-pesquisa-cientifica-tecnologica-e-de-inovacao140;ciencia-e-tecnologia;Ciencia E Tecnologia;Solicitar apoio financeiro para o desenvolvimento de projetos de pesquisa científica, tecnológica e de inovação;FUNDECT;Fundação de Apoio ao Desenvolvimento do Ensino, Ciência e Tecnologia de Mato Grosso do Sul;Presencial;https://www.ms.gov.br/ciencia-e-tecnologia/apoio-a-projetos-de-pesquisa-cientifica-tecnologica-e-de-inovacao140;68;ciencia-e-tecnologia/apoio-a-projetos-de-pesquisa-cientifica-tecnologica-e-de-inovacao140//index
declaracao-de-substituicao-tributaria-diferencial-de-aliquotas-e-antecipacao-destda-entrega-e-retificacao23;financas-e-impostos;Financas E Impostos;Declaração de Substituição Tributária, Diferencial de Alíquotas e Antecipação (DeSTDA) - entrega e retificação;SEFAZ MS;Secretaria de Estado de Fazenda de Mato Grosso do Sul;Presencial;https://www.ms.gov.br/financas-e-impostos/declaracao-de-substituicao-tributaria-diferencial-de-aliquotas-e-antecipacao-destda-entrega-e-retificacao23;68;financas-e-impostos/declaracao-de-substituicao-tributaria-diferencial-de-aliquotas-e-antecipacao-destda-entrega-e-retificacao23
ensino-medio-em-tempo-integral-escola-da-autoria109;educacao-e-pesquisa;Educacao E Pesquisa;Solicitar matrícula no ensino médio em tempo integral;SED MS;Secretaria de Estado de Educação de Mato Grosso do Sul;Presencial;https://www.ms.gov.br/educacao-e-pesquisa/ensino-medio-em-tempo-integral-escola-da-autoria109;68;educacao-e-pesquisa//ensino-medio-em-tempo-integral-escola-da-autoria109
autorizacao-especifica-distribuidora-de-medicamentos-localizada-neste-estado-assumir-a-responsabilidade-pelo-icms-st-devido-e-adotar-base-de-calculo-do-icms-sem-aplicacao-do-pmc104;empresa-industria-e-comercio;Empresa Industria E Comercio;Autorização Específica mediante Termo de Acordo - concessão e renovação - distribuidora de medicamentos localizada neste Estado - tratamento tributário do Decreto nº 9.578/1999;SEFAZ MS;Secretaria de Estado de Fazenda de Mato Grosso do Sul;Presencial;https://www.ms.gov.br/empresa-industria-e-comercio/autorizacao-especifica-distribuidora-de-medicamentos-localizada-neste-estado-assumir-a-responsabilidade-pelo-icms-st-devido-e-adotar-base-de-calculo-do-icms-sem-aplicacao-do-pmc104;68;empresa-industria-e-comercio/autorizacao-especifica-distribuidora-de-medicamentos-localizada-neste-estado-assumir-a-responsabilidade-pelo-icms-st-devido-e-adotar-base-de-calculo-do-icms-sem-aplicacao-do-pmc104//index
contratar-mao-de-obra-prisional18;trabalho-emprego-e-previdencia;Trabalho Emprego E Previdencia;Contratar mão de obra prisional;AGEPEN;Agência Estadual de Administração do Sistema Penitenciário;Híbrido;https://www.ms.gov.br/trabalho-emprego-e-previdencia/contratar-mao-de-obra-prisional18;67;trabalho-emprego-e-previdencia//contratar-mao-de-obra-prisional18
conhecimento-de-transporte-eletronico-ct-e-modelo-57-pedido-de-credenciamento-para-emissao122;financas-e-impostos;Financas E Impostos;Conhecimento de transporte eletrônico (CT-e), modelo 57 - credenciamento;SEFAZ MS;Secretaria de Estado de Fazenda de Mato Grosso do Sul;Presencial;https://www.ms.gov.br/financas-e-impostos/conhecimento-de-transporte-eletronico-ct-e-modelo-57-pedido-de-credenciamento-para-emissao122;67;financas-e-impostos//conhecimento-de-transporte-eletronico-ct-e-modelo-57-pedido-de-credenciamento-para-emissao122
logistica-reversa168;empresa-industria-e-comercio;Empresa Industria E Comercio;Requerer acesso ao sistema de logística reversa de embalagens em geral;IMASUL;Instituto de Meio Ambiente de Mato Grosso do Sul;Presencial;https://www.ms.gov.br/empresa-industria-e-comercio/logistica-reversa168;67;empresa-industria-e-comercio/logistica-reversa168
graduacao-tecnologo-em-gestao-publica40;educacao-e-pesquisa;Educacao E Pesquisa;Realizar cursos de graduação e pós-graduação;ESCOLAGOV;Fundação Escola de Governo;Presencial;https://www.ms.gov.br/educacao-e-pesquisa/graduacao-tecnologo-em-gestao-publica40;67;educacao-e-pesquisa//graduacao-tecnologo-em-gestao-publica40
nota-fiscal-de-produtor-serie-especial-nfpse-desbloqueio-para-impressao-de-formulario38;agropecuaria-e-vida-rural;Agropecuaria E Vida Rural;Nota fiscal de produtor, série especial (NFP/SE) - desbloqueio para impressão de formulário;SEFAZ MS;Secretaria de Estado de Fazenda de Mato Grosso do Sul;Presencial;https://www.ms.gov.br/agropecuaria-e-vida-rural/nota-fiscal-de-produtor-serie-especial-nfpse-desbloqueio-para-impressao-de-formulario38;67;agropecuaria-e-vida-rural//nota-fiscal-de-produtor-serie-especial-nfpse-desbloqueio-para-impressao-de-formulario38
ipva-desvinculacao-de-debitos-anteriores-para-veiculos-adquiridos-em-leilao-exclusivamente-administracoes-publicas-e-leiloeiros-oficiais187;financas-e-impostos;Financas E Impostos;IPVA - leilão - desvinculação de débitos anteriores - Administração Pública e leiloeiros oficiais;SEFAZ MS;Secretaria de Estado de Fazenda de Mato Grosso do Sul;Presencial;https://www.ms.gov.br/financas-e-impostos/ipva-desvinculacao-de-debitos-anteriores-para-veiculos-adquiridos-em-leilao-exclusivamente-administracoes-publicas-e-leiloeiros-oficiais187;66;financas-e-impostos/ipva-desvinculacao-de-debitos-anteriores-para-veiculos-adquiridos-em-leilao-exclusivamente-administracoes-publicas-e-leiloeiros-oficiais187//index
solicitar-declaracao-de-nao-beneficiario-do-programa-nacional-de-credito-fundiario-pncf23;agropecuaria-e-vida-rural;Agropecuaria E Vida Rural;Solicitar Declaração de Não Beneficiário do Programa Nacional de Crédito Fundiário - PNCF;AGRAER;Agência de Desenvolvimento Agrário e Extensão Rural de Mato Grosso do Sul;Digital;https://www.ms.gov.br/agropecuaria-e-vida-rural/solicitar-declaracao-de-nao-beneficiario-do-programa-nacional-de-credito-fundiario-pncf23;66;agropecuaria-e-vida-rural/solicitar-declaracao-de-nao-beneficiario-do-programa-nacional-de-credito-fundiario-pncf23
solicitar-busca-e-salvamento-de-pessoas-ou-bens119;seguranca;Seguranca;Solicitar busca e salvamento de pessoas ou bens;CBMMS;Corpo de Bombeiros Militar;Presencial;https://www.ms.gov.br/seguranca/solicitar-busca-e-salvamento-de-pessoas-ou-bens119;66;seguranca/solicitar-busca-e-salvamento-de-pessoas-ou-bens119
solicitacao-de-revisao-de-proventos-alteracao-de-aposentadoria175;trabalho-emprego-e-previdencia;Trabalho Emprego E Previdencia;Requerer a revisão de proventos - alteração de aposentadoria;AGEPREV;Agência de Previdência Social de Mato Grosso do Sul;Presencial;https://www.ms.gov.br/trabalho-emprego-e-previdencia/solicitacao-de-revisao-de-proventos-alteracao-de-aposentadoria175;66;trabalho-emprego-e-previdencia//solicitacao-de-revisao-de-proventos-alteracao-de-aposentadoria175
redefinir-senha-do-e-mail-oficial45;ciencia-e-tecnologia;Ciencia E Tecnologia;Redefinir senha do e-mail oficial;SEGOV MS;Secretaria de Estado de Governo e Gestão Estratégica de Mato Grosso do Sul;Digital;https://www.ms.gov.br/ciencia-e-tecnologia/redefinir-senha-do-e-mail-oficial45;66;ciencia-e-tecnologia//redefinir-senha-do-e-mail-oficial45
cadastro-do-comercio-industria-e-servicos-ccis-suspensao-da-eficacia-temporaria-a-pedido-do-contribuinte-e-sua-prorrogacao161;empresa-industria-e-comercio;Empresa Industria E Comercio;Cadastro do comércio, indústria e serviços (CCIS) - suspensão da eficácia temporária a pedido do contribuinte e sua prorrogação;SEFAZ MS;Secretaria de Estado de Fazenda de Mato Grosso do Sul;Presencial;https://www.ms.gov.br/empresa-industria-e-comercio/cadastro-do-comercio-industria-e-servicos-ccis-suspensao-da-eficacia-temporaria-a-pedido-do-contribuinte-e-sua-prorrogacao161;64;empresa-industria-e-comercio/cadastro-do-comercio-industria-e-servicos-ccis-suspensao-da-eficacia-temporaria-a-pedido-do-contribuinte-e-sua-prorrogacao161//index
atualizar-endereco-de-condutora-cnhppd109;transito-e-transportes;Transito E Transportes;Atualizar endereço de condutor (CNH/PPD);DETRAN;Departamento Estadual de Trânsito de Mato Grosso do Sul;Digital;https://www.ms.gov.br/transito-e-transportes/atualizar-endereco-de-condutora-cnhppd109;64;transito-e-transportes//atualizar-endereco-de-condutora-cnhppd109
programa-de-avancos-na-pecuaria-de-mato-grosso-do-sul-proape-sub-programa-precoce-ms89;agropecuaria-e-vida-rural;Agropecuaria E Vida Rural;Solicitar inclusão no programa Precoce MS;SEMADESC;Secretaria de Estado de Meio Ambiente, Desenvolvimento, Ciência, Tecnologia e Inovação de Mato Grosso do Sul;Presencial;https://www.ms.gov.br/agropecuaria-e-vida-rural/programa-de-avancos-na-pecuaria-de-mato-grosso-do-sul-proape-sub-programa-precoce-ms89;64;agropecuaria-e-vida-rural/programa-de-avancos-na-pecuaria-de-mato-grosso-do-sul-proape-sub-programa-precoce-ms89
autorizacao-para-impressao-de-documentos-fiscais-aidf-quando-nao-concedida-por-meio-eletronico151;empresa-industria-e-comercio;Empresa Industria E Comercio;Autorização para impressão de documentos fiscais (AIDF) - quando não concedida por meio eletrônico;SEFAZ MS;Secretaria de Estado de Fazenda de Mato Grosso do Sul;Presencial;https://www.ms.gov.br/empresa-industria-e-comercio/autorizacao-para-impressao-de-documentos-fiscais-aidf-quando-nao-concedida-por-meio-eletronico151;64;empresa-industria-e-comercio/autorizacao-para-impressao-de-documentos-fiscais-aidf-quando-nao-concedida-por-meio-eletronico151//index
apoio-a-eventos-tecnico-cientificos98;ciencia-e-tecnologia;Ciencia E Tecnologia;Solicitar apoio financeiro para o desenvolvimento de eventos técnico-científicos;FUNDECT;Fundação de Apoio ao Desenvolvimento do Ensino, Ciência e Tecnologia de Mato Grosso do Sul;Presencial;https://www.ms.gov.br/ciencia-e-tecnologia/apoio-a-eventos-tecnico-cientificos98;63;ciencia-e-tecnologia/apoio-a-eventos-tecnico-cientificos98//index
federacoes-clubes-e-associacoes-de-ms195;esporte-e-lazer;Esporte E Lazer;Solicitar apoio financeiro federações, clubes e associações esportivas de MS;FUNDESPORTE;Fundação de Desporto e Lazer de Mato Grosso do Sul;Presencial;https://www.ms.gov.br/esporte-e-lazer/federacoes-clubes-e-associacoes-de-ms195;63;esporte-e-lazer/federacoes-clubes-e-associacoes-de-ms195//index
cadastro-da-agropecuaria-cap-suspensao-temporaria-da-inscricao-estadual-a-pedido-do-contribuinte-e-sua-prorrogacao173;agropecuaria-e-vida-rural;Agropecuaria E Vida Rural;Cadastro da agropecuária (CAP) - suspensão temporária da inscrição estadual a pedido do contribuinte e sua prorrogação;SEFAZ MS;Secretaria de Estado de Fazenda de Mato Grosso do Sul;Presencial;https://www.ms.gov.br/agropecuaria-e-vida-rural/cadastro-da-agropecuaria-cap-suspensao-temporaria-da-inscricao-estadual-a-pedido-do-contribuinte-e-sua-prorrogacao173;62;agropecuaria-e-vida-rural/cadastro-da-agropecuaria-cap-suspensao-temporaria-da-inscricao-estadual-a-pedido-do-contribuinte-e-sua-prorrogacao173//index
nota-fiscal-de-produtor-eletronica-nfp-e-desbloqueio-para-emissao5;agropecuaria-e-vida-rural;Agropecuaria E Vida Rural;Nota fiscal de produtor eletrônica (NFP-e) - desbloqueio para emissão;SEFAZ MS;Secretaria de Estado de Fazenda de Mato Grosso do Sul;Presencial;https://www.ms.gov.br/agropecuaria-e-vida-rural/nota-fiscal-de-produtor-eletronica-nfp-e-desbloqueio-para-emissao5;61;agropecuaria-e-vida-rural//nota-fiscal-de-produtor-eletronica-nfp-e-desbloqueio-para-emissao5
solicitar-inclusao-eou-exclusao-de-dependentes-de-pensao-previdenciaria77;trabalho-emprego-e-previdencia;Trabalho Emprego E Previdencia;Requerer a inclusão e/ou exclusão de dependentes de pensão previdenciária;AGEPREV;Agência de Previdência Social de Mato Grosso do Sul;Presencial;https://www.ms.gov.br/trabalho-emprego-e-previdencia/solicitar-inclusao-eou-exclusao-de-dependentes-de-pensao-previdenciaria77;60;trabalho-emprego-e-previdencia//solicitar-inclusao-eou-exclusao-de-dependentes-de-pensao-previdenciaria77
homologacao-de-certificados-de-cursos-especializados-para-condutores-de-veiculos95;transito-e-transportes;Transito E Transportes;Solicitar registros de certificados de cursos especializados para condutores de veículos;DETRAN;Departamento Estadual de Trânsito de Mato Grosso do Sul;Digital;https://www.ms.gov.br/transito-e-transportes/homologacao-de-certificados-de-cursos-especializados-para-condutores-de-veiculos95;60;transito-e-transportes/homologacao-de-certificados-de-cursos-especializados-para-condutores-de-veiculos95//index
autorizacao-especifica-credito-outorgado-nas-operacoes-internas-e-interestaduais-com-acucar-pelos-fabricantes-de-acucar145;empresa-industria-e-comercio;Empresa Industria E Comercio;Autorização específica - crédito outorgado nas operações internas e interestaduais com açúcar pelos fabricantes de açúcar;SEFAZ MS;Secretaria de Estado de Fazenda de Mato Grosso do Sul;Presencial;https://www.ms.gov.br/empresa-industria-e-comercio/autorizacao-especifica-credito-outorgado-nas-operacoes-internas-e-interestaduais-com-acucar-pelos-fabricantes-de-acucar145;60;empresa-industria-e-comercio/autorizacao-especifica-credito-outorgado-nas-operacoes-internas-e-interestaduais-com-acucar-pelos-fabricantes-de-acucar145
declaracao-das-remuneracoes-de-contribuicoes-previdenciarias-para-fins-de-beneficio-junto-ao-inss176;direitos-e-cidadania;Direitos E Cidadania;Declaração das remunerações de contribuições previdenciárias para fins de benefício junto ao INSS;UEMS;Universidade Estadual de Mato Grosso do Sul;Presencial;https://www.ms.gov.br/direitos-e-cidadania/declaracao-das-remuneracoes-de-contribuicoes-previdenciarias-para-fins-de-beneficio-junto-ao-inss176;59;direitos-e-cidadania//declaracao-das-remuneracoes-de-contribuicoes-previdenciarias-para-fins-de-beneficio-junto-ao-inss176
itcd-doacoes-solicitacao-de-calculo-do-imposto-nas-doacoes-de-quaisquer-bens-e-direitos91;financas-e-impostos;Financas E Impostos;ITCD - solicitação de cálculo do imposto nas doações de quaisquer bens e direitos;SEFAZ MS;Secretaria de Estado de Fazenda de Mato Grosso do Sul;Presencial;https://www.ms.gov.br/financas-e-impostos/itcd-doacoes-solicitacao-de-calculo-do-imposto-nas-doacoes-de-quaisquer-bens-e-direitos91;59;financas-e-impostos//itcd-doacoes-solicitacao-de-calculo-do-imposto-nas-doacoes-de-quaisquer-bens-e-direitos91
0331-proe-divisao-de-ingresso-discente-dindproe-processo-seletivo-permanente-historico-escolar91;educacao-e-pesquisa;Educacao E Pesquisa;Processo seletivo permanente – histórico escolar;UEMS;Universidade Estadual de Mato Grosso do Sul;Híbrido;https://www.ms.gov.br/educacao-e-pesquisa/0331-proe-divisao-de-ingresso-discente-dindproe-processo-seletivo-permanente-historico-escolar91;58;educacao-e-pesquisa//0331-proe-divisao-de-ingresso-discente-dindproe-processo-seletivo-permanente-historico-escolar91
autorizacao-especifica-credito-presumido-incidente-nas-operacoes-com-energia-eletrica-e-servicos-de-comunicacao123;empresa-industria-e-comercio;Empresa Industria E Comercio;Autorização específica - crédito presumido incidente nas operações com energia elétrica e serviços de comunicação;SEFAZ MS;Secretaria de Estado de Fazenda de Mato Grosso do Sul;Presencial;https://www.ms.gov.br/empresa-industria-e-comercio/autorizacao-especifica-credito-presumido-incidente-nas-operacoes-com-energia-eletrica-e-servicos-de-comunicacao123;58;empresa-industria-e-comercio/autorizacao-especifica-credito-presumido-incidente-nas-operacoes-com-energia-eletrica-e-servicos-de-comunicacao123//index
assistencia-tecnica-e-extensao-rural107;agropecuaria-e-vida-rural;Agropecuaria E Vida Rural;Solicitar assistência técnica e extensão rural;AGRAER;Agência de Desenvolvimento Agrário e Extensão Rural de Mato Grosso do Sul;Presencial;https://www.ms.gov.br/agropecuaria-e-vida-rural/assistencia-tecnica-e-extensao-rural107;58;agropecuaria-e-vida-rural/assistencia-tecnica-e-extensao-rural107//index
emitir-guia-de-transito-animal-gta96;agropecuaria-e-vida-rural;Agropecuaria E Vida Rural;Emitir Guia de Trânsito Animal (GTA);IAGRO;Agência Estadual de Defesa Sanitária Animal Vegetal  Mato Grosso do Sul;Presencial;https://www.ms.gov.br/agropecuaria-e-vida-rural/emitir-guia-de-transito-animal-gta96;57;agropecuaria-e-vida-rural/emitir-guia-de-transito-animal-gta96//index
energia-social-conta-de-luz-zero78;comunicacao-e-transparencia;Comunicacao E Transparencia;Solicitar inscrição no programa Energia Social: Conta de Luz Zero;SEAD;Secretaria de Estado de Assistência Social e Direitos Humanos;Digital;https://www.ms.gov.br/comunicacao-e-transparencia/energia-social-conta-de-luz-zero78;57;comunicacao-e-transparencia//energia-social-conta-de-luz-zero78
prestar-servico-de-fretamento-rodoviario-intermunicipal34;transito-e-transportes;Transito E Transportes;Pedir cadastro para prestar serviço de fretamento rodoviário intermunicipal;AGEMS;Agência Estadual de Regulação de Serviços Públicos de Mato Grosso do Sul;Presencial;https://www.ms.gov.br/transito-e-transportes/prestar-servico-de-fretamento-rodoviario-intermunicipal34;57;transito-e-transportes/prestar-servico-de-fretamento-rodoviario-intermunicipal34//index
consultar-fila-ambulatorial118;saude-e-cuidado;Saude E Cuidado;Consultar Fila ambulatorial;SES;Secretaria de Estado de Saúde de Mato Grosso do Sul;Presencial;https://www.ms.gov.br/saude-e-cuidado/consultar-fila-ambulatorial118;57;saude-e-cuidado//consultar-fila-ambulatorial118
autorizacao-para-impressao-de-documentos-fiscais-aidf-cancelamento-do-pedido199;empresa-industria-e-comercio;Empresa Industria E Comercio;Autorização para impressão de documentos fiscais (AIDF) - cancelamento do pedido;SEFAZ MS;Secretaria de Estado de Fazenda de Mato Grosso do Sul;Presencial;https://www.ms.gov.br/empresa-industria-e-comercio/autorizacao-para-impressao-de-documentos-fiscais-aidf-cancelamento-do-pedido199;56;empresa-industria-e-comercio/autorizacao-para-impressao-de-documentos-fiscais-aidf-cancelamento-do-pedido199
autorizacao-para-impressao-de-documentos-fiscais-aidf-comprovacao-intempestiva112;empresa-industria-e-comercio;Empresa Industria E Comercio;Autorização para impressão de documentos fiscais (AIDF) - comprovação intempestiva;SEFAZ MS;Secretaria de Estado de Fazenda de Mato Grosso do Sul;Presencial;https://www.ms.gov.br/empresa-industria-e-comercio/autorizacao-para-impressao-de-documentos-fiscais-aidf-comprovacao-intempestiva112;56;empresa-industria-e-comercio/autorizacao-para-impressao-de-documentos-fiscais-aidf-comprovacao-intempestiva112//index
apoio-a-projetos-culturais-por-meio-de-editais-publicos23;administracao-publica;Administracao Publica;Solicitar apoio a projetos culturais por meio de editais públicos;FCMS;Fundação de Cultura de Mato Grosso do Sul;Presencial;https://www.ms.gov.br/administracao-publica/apoio-a-projetos-culturais-por-meio-de-editais-publicos23;56;administracao-publica/apoio-a-projetos-culturais-por-meio-de-editais-publicos23
icms-solicitacao-por-empresa-do-simples-nacional-de-registro-de-credito-de-que-trata-o-art-19-da-resolucaosefaz-no-30262025-limite-de-300-uferms1;financas-e-impostos;Financas E Impostos;ICMS - solicitação, por empresa do Simples Nacional, de registro de crédito de que trata o art. 19, da Resolução/SEFAZ nº 3.026/2025 (limite de 300 Uferms);SEFAZ MS;Secretaria de Estado de Fazenda de Mato Grosso do Sul;Presencial;https://www.ms.gov.br/financas-e-impostos/icms-solicitacao-por-empresa-do-simples-nacional-de-registro-de-credito-de-que-trata-o-art-19-da-resolucaosefaz-no-30262025-limite-de-300-uferms1;55;financas-e-impostos//icms-solicitacao-por-empresa-do-simples-nacional-de-registro-de-credito-de-que-trata-o-art-19-da-resolucaosefaz-no-30262025-limite-de-300-uferms1
educacao-infantil46;educacao-e-pesquisa;Educacao E Pesquisa;Solicitar matrícula na educação infantil;SED MS;Secretaria de Estado de Educação de Mato Grosso do Sul;Presencial;https://www.ms.gov.br/educacao-e-pesquisa/educacao-infantil46;55;educacao-e-pesquisa//educacao-infantil46
guia-nacional-de-informacao-e-apuracao-do-icms-substituicao-tributaria-gia-st-baixa-de-notificacao182;empresa-industria-e-comercio;Empresa Industria E Comercio;Guia nacional de informação e apuração do ICMS substituição tributária (GIA-ST) - baixa de notificação;SEFAZ MS;Secretaria de Estado de Fazenda de Mato Grosso do Sul;Presencial;https://www.ms.gov.br/empresa-industria-e-comercio/guia-nacional-de-informacao-e-apuracao-do-icms-substituicao-tributaria-gia-st-baixa-de-notificacao182;54;empresa-industria-e-comercio/guia-nacional-de-informacao-e-apuracao-do-icms-substituicao-tributaria-gia-st-baixa-de-notificacao182
oferta-de-teleconsultoria61;saude-e-cuidado;Saude E Cuidado;Solicitar teleconsultoria;SES;Secretaria de Estado de Saúde de Mato Grosso do Sul;Presencial;https://www.ms.gov.br/saude-e-cuidado/oferta-de-teleconsultoria61;54;saude-e-cuidado//oferta-de-teleconsultoria61
agendar-atendimento-presencial153;trabalho-emprego-e-previdencia;Trabalho Emprego E Previdencia;Agendar o atendimento presencial;AGEPREV;Agência de Previdência Social de Mato Grosso do Sul;Digital;https://www.ms.gov.br/trabalho-emprego-e-previdencia/agendar-atendimento-presencial153;53;trabalho-emprego-e-previdencia//agendar-atendimento-presencial153
curso-especializado-para-condutores-de-veiculos-de-transporte-de-produtos-perigosos-mopp72;transito-e-transportes;Transito E Transportes;Fazer curso especializado para condutores de veículos de transporte de produtos perigosos (MOPP);DETRAN;Departamento Estadual de Trânsito de Mato Grosso do Sul;Presencial;https://www.ms.gov.br/transito-e-transportes/curso-especializado-para-condutores-de-veiculos-de-transporte-de-produtos-perigosos-mopp72;53;transito-e-transportes//curso-especializado-para-condutores-de-veiculos-de-transporte-de-produtos-perigosos-mopp72
solicitacao-de-abrigo-para-mulheres-vitimas-de-violencia-domestica-em-risco-de-morte48;assistencia-social;Assistencia Social;Solicitar acolhimento institucional para mulheres vítimas de violência doméstica;SEAD;Secretaria de Estado de Assistência Social e Direitos Humanos;Presencial;https://www.ms.gov.br/assistencia-social/solicitacao-de-abrigo-para-mulheres-vitimas-de-violencia-domestica-em-risco-de-morte48;53;assistencia-social//solicitacao-de-abrigo-para-mulheres-vitimas-de-violencia-domestica-em-risco-de-morte48
ouvidoria50;comunicacao-e-transparencia;Comunicacao E Transparencia;Registrar denúncia;AGEPEN;Agência Estadual de Administração do Sistema Penitenciário;Híbrido;https://www.ms.gov.br/comunicacao-e-transparencia/ouvidoria50;53;comunicacao-e-transparencia//ouvidoria50
lazer-nas-cidades52;esporte-e-lazer;Esporte E Lazer;Participar do projeto lazer nas cidades;FUNDESPORTE;Fundação de Desporto e Lazer de Mato Grosso do Sul;Presencial;https://www.ms.gov.br/esporte-e-lazer/lazer-nas-cidades52;52;esporte-e-lazer/lazer-nas-cidades52
sig-pet9;direitos-e-cidadania;Direitos E Cidadania;SIG PET;SETESC;Secretaria de Estado de Turismo, Esporte e Cultura;Digital;https://www.ms.gov.br/direitos-e-cidadania/sig-pet9;52;direitos-e-cidadania//sig-pet9
analise-dos-investimentos-necessarios-a-fruicao-de-creditos-outorgados-pactuados-em-termo-de-acordo-beneficio-da-lei-complementar-n-93200168;financas-e-impostos;Financas E Impostos;Crédito Outorgado - Análise dos investimentos necessária para a fruição do benefício de crédito outorgado previsto em Termo de Acordo - Lei Complementar nº 93/2001;SEFAZ MS;Secretaria de Estado de Fazenda de Mato Grosso do Sul;Presencial;https://www.ms.gov.br/financas-e-impostos/analise-dos-investimentos-necessarios-a-fruicao-de-creditos-outorgados-pactuados-em-termo-de-acordo-beneficio-da-lei-complementar-n-93200168;52;financas-e-impostos/analise-dos-investimentos-necessarios-a-fruicao-de-creditos-outorgados-pactuados-em-termo-de-acordo-beneficio-da-lei-complementar-n-93200168
ipva-compensacao-de-pagamento-indevido39;financas-e-impostos;Financas E Impostos;IPVA - compensação de pagamento indevido;SEFAZ MS;Secretaria de Estado de Fazenda de Mato Grosso do Sul;Presencial;https://www.ms.gov.br/financas-e-impostos/ipva-compensacao-de-pagamento-indevido39;52;financas-e-impostos/ipva-compensacao-de-pagamento-indevido39
fundo-constitucional-do-centro-oeste-fco63;empresa-industria-e-comercio;Empresa Industria E Comercio;Solicitar informações sobre o FCO;SEMADESC;Secretaria de Estado de Meio Ambiente, Desenvolvimento, Ciência, Tecnologia e Inovação de Mato Grosso do Sul;Presencial;https://www.ms.gov.br/empresa-industria-e-comercio/fundo-constitucional-do-centro-oeste-fco63;52;empresa-industria-e-comercio/fundo-constitucional-do-centro-oeste-fco63
microempreendedor-individual-mei-reconsideracao-do-ato-de-desenquadramento-do-simei200;financas-e-impostos;Financas E Impostos;Microempreendedor Individual (MEI) - reconsideração do ato de desenquadramento do SIMEI;SEFAZ MS;Secretaria de Estado de Fazenda de Mato Grosso do Sul;Presencial;https://www.ms.gov.br/financas-e-impostos/microempreendedor-individual-mei-reconsideracao-do-ato-de-desenquadramento-do-simei200;51;financas-e-impostos//microempreendedor-individual-mei-reconsideracao-do-ato-de-desenquadramento-do-simei200
receber-orientacao-para-entrar-no-mercado-de-trabalho-com-apoio-da-previdencia20;trabalho-emprego-e-previdencia;Trabalho Emprego E Previdencia;Receber orientação para entrar no mercado de trabalho, com apoio da previdência (Jovem Pensionista);AGEPREV;Agência de Previdência Social de Mato Grosso do Sul;Presencial;https://www.ms.gov.br/trabalho-emprego-e-previdencia/receber-orientacao-para-entrar-no-mercado-de-trabalho-com-apoio-da-previdencia20;51;trabalho-emprego-e-previdencia//receber-orientacao-para-entrar-no-mercado-de-trabalho-com-apoio-da-previdencia20
credenciamento-de-visitante-ao-socio-educando77;administracao-publica;Administracao Publica;Solicitar credenciamento de visitante ao socioeducando;SEJUSP;Secretaria de Estado de Justiça e Segurança Pública de Mato Grosso do Sul;Presencial;https://www.ms.gov.br/administracao-publica/credenciamento-de-visitante-ao-socio-educando77;51;administracao-publica/credenciamento-de-visitante-ao-socio-educando77//index
participar-de-audiencia-e-consulta-publica-promovida-pela-agems69;comunicacao-e-transparencia;Comunicacao E Transparencia;Participar de audiência e consulta pública promovida pela AGEMS;AGEMS;Agência Estadual de Regulação de Serviços Públicos de Mato Grosso do Sul;Presencial;https://www.ms.gov.br/comunicacao-e-transparencia/participar-de-audiencia-e-consulta-publica-promovida-pela-agems69;50;comunicacao-e-transparencia/participar-de-audiencia-e-consulta-publica-promovida-pela-agems69
teste-1193;comunicacao-e-transparencia;Comunicacao E Transparencia;Registrar reclamação, solicitação, sugestão e elogio;AGEPEN;Agência Estadual de Administração do Sistema Penitenciário;Presencial;https://www.ms.gov.br/comunicacao-e-transparencia/teste-1193;49;comunicacao-e-transparencia//teste-1193
esporte-de-aventura-e-natureza72;esporte-e-lazer;Esporte E Lazer;Solicitar esporte de aventura e natureza;FUNDESPORTE;Fundação de Desporto e Lazer de Mato Grosso do Sul;Presencial;https://www.ms.gov.br/esporte-e-lazer/esporte-de-aventura-e-natureza72;49;esporte-e-lazer/esporte-de-aventura-e-natureza72
solicitar-segunda-via-da-carteira-nacional-de-habilitacao-cnh-ou-permissao-para-dirigir-ppd112;transito-e-transportes;Transito E Transportes;Solicitar Segunda Via da Carteira Nacional de Habilitação - CNH ou Permissão para Dirigir-PpD;DETRAN;Departamento Estadual de Trânsito de Mato Grosso do Sul;Digital;https://www.ms.gov.br/transito-e-transportes/solicitar-segunda-via-da-carteira-nacional-de-habilitacao-cnh-ou-permissao-para-dirigir-ppd112;49;transito-e-transportes//solicitar-segunda-via-da-carteira-nacional-de-habilitacao-cnh-ou-permissao-para-dirigir-ppd112
confirmar-permanencia-em-escola-da-rede-estadual-de-ensino6;educacao-e-pesquisa;Educacao E Pesquisa;Confirmar continuidade em escola da Rede Estadual de Ensino;SED MS;Secretaria de Estado de Educação de Mato Grosso do Sul;Presencial;https://www.ms.gov.br/educacao-e-pesquisa/confirmar-permanencia-em-escola-da-rede-estadual-de-ensino6;49;educacao-e-pesquisa//confirmar-permanencia-em-escola-da-rede-estadual-de-ensino6
acessar-dados-do-portal-da-transparencia171;comunicacao-e-transparencia;Comunicacao E Transparencia;Acessar dados do portal da transparência;CGE MS;Controladoria Geral do Estado de Mato Grosso do Sul;Presencial;https://www.ms.gov.br/comunicacao-e-transparencia/acessar-dados-do-portal-da-transparencia171;48;comunicacao-e-transparencia/acessar-dados-do-portal-da-transparencia171//index
solicitacao-de-alienacao-ou-desalienacao-do-veiculo-em-nome-do-mesmo-proprietario62;transito-e-transportes;Transito E Transportes;Pedir alienação do veículo em nome do mesmo proprietário;DETRAN;Departamento Estadual de Trânsito de Mato Grosso do Sul;Presencial;https://www.ms.gov.br/transito-e-transportes/solicitacao-de-alienacao-ou-desalienacao-do-veiculo-em-nome-do-mesmo-proprietario62;48;transito-e-transportes/solicitacao-de-alienacao-ou-desalienacao-do-veiculo-em-nome-do-mesmo-proprietario62//index
consultar-horarios-e-tarifas-de-transporte-rodoviario-intermunicipal-de-passageiros20;transito-e-transportes;Transito E Transportes;Consultar horários e tarifas de linhas de transporte rodoviário intermunicipal de passageiros;AGEMS;Agência Estadual de Regulação de Serviços Públicos de Mato Grosso do Sul;Digital;https://www.ms.gov.br/transito-e-transportes/consultar-horarios-e-tarifas-de-transporte-rodoviario-intermunicipal-de-passageiros20;47;transito-e-transportes/consultar-horarios-e-tarifas-de-transporte-rodoviario-intermunicipal-de-passageiros20
registrar-denuncia92;comunicacao-e-transparencia;Comunicacao E Transparencia;Registrar denúncia;AGEHAB;Agência de Habitação Popular de Mato Grosso do Sul;Digital;https://www.ms.gov.br/comunicacao-e-transparencia/registrar-denuncia92;47;comunicacao-e-transparencia/registrar-denuncia92//index
servico-de-capelania-hospitalar40;saude-e-cuidado;Saude E Cuidado;Solicitar atendimento religioso a pacientes internados e familiares;FUNSAU;Fundação Serviços de Saúde de MS;Presencial;https://www.ms.gov.br/saude-e-cuidado/servico-de-capelania-hospitalar40;46;saude-e-cuidado/servico-de-capelania-hospitalar40//index
registrar-denuncia77;comunicacao-e-transparencia;Comunicacao E Transparencia;Registrar denúncia;SEAD;Secretaria de Estado de Assistência Social e Direitos Humanos;Híbrido;https://www.ms.gov.br/comunicacao-e-transparencia/registrar-denuncia77;46;comunicacao-e-transparencia/registrar-denuncia77//index
ipva-reducao-da-base-de-calculo-do-ipva-para-veiculos-de-frotista18;financas-e-impostos;Financas E Impostos;IPVA - redução da base de cálculo do IPVA para veículos de Frotista;SEFAZ MS;Secretaria de Estado de Fazenda de Mato Grosso do Sul;Presencial;https://www.ms.gov.br/financas-e-impostos/ipva-reducao-da-base-de-calculo-do-ipva-para-veiculos-de-frotista18;46;financas-e-impostos//ipva-reducao-da-base-de-calculo-do-ipva-para-veiculos-de-frotista18
disque-direitos-humanos69;direitos-e-cidadania;Direitos E Cidadania;Denunciar violação de direitos humanos pelo Disque 100;SEAD;Secretaria de Estado de Assistência Social e Direitos Humanos;Presencial;https://www.ms.gov.br/direitos-e-cidadania/disque-direitos-humanos69;45;direitos-e-cidadania/disque-direitos-humanos69//index
solicitar-consulta-de-debitos-de-agua-e-esgoto181;empresa-industria-e-comercio;Empresa Industria E Comercio;Consultar débitos;SANESUL;Empresa de Saneamento de Mato Grosso do Sul;Digital;https://www.ms.gov.br/empresa-industria-e-comercio/solicitar-consulta-de-debitos-de-agua-e-esgoto181;44;empresa-industria-e-comercio//solicitar-consulta-de-debitos-de-agua-e-esgoto181
valor-real-pesquisado-vrp-pmpf-preco-medio-ponderado-ao-consumidor-final-atualizacao-da-lista-do-preco-medio-ponderado196;financas-e-impostos;Financas E Impostos;Preço médio ponderado ao consumidor final (PMPF) e valor real pesquisado (VRP) - atualização da lista do preço médio ponderado e do valor real pesquisado;SEFAZ MS;Secretaria de Estado de Fazenda de Mato Grosso do Sul;Presencial;https://www.ms.gov.br/financas-e-impostos/valor-real-pesquisado-vrp-pmpf-preco-medio-ponderado-ao-consumidor-final-atualizacao-da-lista-do-preco-medio-ponderado196;44;financas-e-impostos/valor-real-pesquisado-vrp-pmpf-preco-medio-ponderado-ao-consumidor-final-atualizacao-da-lista-do-preco-medio-ponderado196//index
concurso-publico-e-processos-seletivos86;comunicacao-e-transparencia;Comunicacao E Transparencia;Consultar editais de concursos e processos seletivos da PGE/MS;PGE MS;Procuradoria Geral do Estado de Mato Grosso do Sul;Digital;https://www.ms.gov.br/comunicacao-e-transparencia/concurso-publico-e-processos-seletivos86;44;comunicacao-e-transparencia//concurso-publico-e-processos-seletivos86
tratamento-fora-de-domicilio43;saude-e-cuidado;Saude E Cuidado;Solicitar tratamento fora de domicílio;SES;Secretaria de Estado de Saúde de Mato Grosso do Sul;Presencial;https://www.ms.gov.br/saude-e-cuidado/tratamento-fora-de-domicilio43;43;saude-e-cuidado//tratamento-fora-de-domicilio43
032-projeto-florestinha-educacao-ambiental65;seguranca;Seguranca;Participar do projeto florestinha – educação ambiental;PMMS;Polícia Militar de Mato Grosso do Sul;Digital;https://www.ms.gov.br/seguranca/032-projeto-florestinha-educacao-ambiental65;43;seguranca/032-projeto-florestinha-educacao-ambiental65//imprimir
solicitacao-de-atendimento-a-acoes-do-governo-e-instituicoes-privadas13;transito-e-transportes;Transito E Transportes;Solicitar atendimento em eventos de instituições públicas e privadas;DETRAN;Departamento Estadual de Trânsito de Mato Grosso do Sul;Presencial;https://www.ms.gov.br/transito-e-transportes/solicitacao-de-atendimento-a-acoes-do-governo-e-instituicoes-privadas13;43;transito-e-transportes//solicitacao-de-atendimento-a-acoes-do-governo-e-instituicoes-privadas13
manifesto-eletronico-de-documentos-fiscais-mdf-e-modelo-58-pedido-de-cancelamento-extemporaneo5;empresa-industria-e-comercio;Empresa Industria E Comercio;Manifesto eletrônico de documentos fiscais (MDF-e), modelo 58 - cancelamento extemporâneo;SEFAZ MS;Secretaria de Estado de Fazenda de Mato Grosso do Sul;Presencial;https://www.ms.gov.br/empresa-industria-e-comercio/manifesto-eletronico-de-documentos-fiscais-mdf-e-modelo-58-pedido-de-cancelamento-extemporaneo5;42;empresa-industria-e-comercio/manifesto-eletronico-de-documentos-fiscais-mdf-e-modelo-58-pedido-de-cancelamento-extemporaneo5//index
identificacao-de-condutor-infrator-em-autuacoes-do-detran-ms68;transito-e-transportes;Transito E Transportes;Identificar condutor infrator em autuações;DETRAN;Departamento Estadual de Trânsito de Mato Grosso do Sul;Presencial;https://www.ms.gov.br/transito-e-transportes/identificacao-de-condutor-infrator-em-autuacoes-do-detran-ms68;42;transito-e-transportes//identificacao-de-condutor-infrator-em-autuacoes-do-detran-ms68
credenciamento-de-agentes-religiosos39;direitos-e-cidadania;Direitos E Cidadania;Solicitar credenciamento de agentes religiosos;SEJUSP;Secretaria de Estado de Justiça e Segurança Pública de Mato Grosso do Sul;Presencial;https://www.ms.gov.br/direitos-e-cidadania/credenciamento-de-agentes-religiosos39;42;direitos-e-cidadania/credenciamento-de-agentes-religiosos39
solicitar-peticionamento-processual90;administracao-publica;Administracao Publica;Solicitar peticionamento processual;SAD;Secretaria de Estado de Administração de Mato Grosso do Sul;Digital;https://www.ms.gov.br/administracao-publica/solicitar-peticionamento-processual90;42;administracao-publica//solicitar-peticionamento-processual90
ouvidoria-de-seguranca-publica120;comunicacao-e-transparencia;Comunicacao E Transparencia;Ouvidoria de Segurança Pública;SEJUSP;Secretaria de Estado de Justiça e Segurança Pública de Mato Grosso do Sul;Híbrido;https://www.ms.gov.br/comunicacao-e-transparencia/ouvidoria-de-seguranca-publica120;42;comunicacao-e-transparencia/ouvidoria-de-seguranca-publica120
vistoria147;transito-e-transportes;Transito E Transportes;Solicitar vistoria;DETRAN;Departamento Estadual de Trânsito de Mato Grosso do Sul;Digital;https://www.ms.gov.br/transito-e-transportes/vistoria147;41;transito-e-transportes/vistoria147
camara-administrativa-de-solucao-de-conflitos36;seguranca;Seguranca;Propor acordo na Câmara Administrativa de Solução de Conflitos (CASC);PGE MS;Procuradoria Geral do Estado de Mato Grosso do Sul;Digital;https://www.ms.gov.br/seguranca/camara-administrativa-de-solucao-de-conflitos36;41;seguranca/camara-administrativa-de-solucao-de-conflitos36//index
cadastrar-estabelecimentos-de-comercio-de-produtos-de-uso-veterinario178;agropecuaria-e-vida-rural;Agropecuaria E Vida Rural;Cadastrar revenda produtos veterinários;IAGRO;Agência Estadual de Defesa Sanitária Animal Vegetal  Mato Grosso do Sul;Presencial;https://www.ms.gov.br/agropecuaria-e-vida-rural/cadastrar-estabelecimentos-de-comercio-de-produtos-de-uso-veterinario178;41;agropecuaria-e-vida-rural//cadastrar-estabelecimentos-de-comercio-de-produtos-de-uso-veterinario178
ofertar-educacao-de-jovens-e-adultos35;educacao-e-pesquisa;Educacao E Pesquisa;Solicitar Educação de Jovens e Adultos;SED MS;Secretaria de Estado de Educação de Mato Grosso do Sul;Presencial;https://www.ms.gov.br/educacao-e-pesquisa/ofertar-educacao-de-jovens-e-adultos35;41;educacao-e-pesquisa//ofertar-educacao-de-jovens-e-adultos35
pedido-de-acesso-a-informacao199;administracao-publica;Administracao Publica;Fazer pedido de acesso à informação;SEJUSP;Secretaria de Estado de Justiça e Segurança Pública de Mato Grosso do Sul;Digital;https://www.ms.gov.br/administracao-publica/pedido-de-acesso-a-informacao199;41;administracao-publica/pedido-de-acesso-a-informacao199
registrar-empresas-comerciantes-de-agrotoxicos-e-prestadores-de-servicos63;agropecuaria-e-vida-rural;Agropecuaria E Vida Rural;Renovar registro de empresa comerciante de agrotóxico e prestador de serviço;IAGRO;Agência Estadual de Defesa Sanitária Animal Vegetal  Mato Grosso do Sul;Presencial;https://www.ms.gov.br/agropecuaria-e-vida-rural/registrar-empresas-comerciantes-de-agrotoxicos-e-prestadores-de-servicos63;40;agropecuaria-e-vida-rural//registrar-empresas-comerciantes-de-agrotoxicos-e-prestadores-de-servicos63
solicitacao-de-desvinculacao-de-multas-de-veiculos-adquiridos-em-leiloes7;transito-e-transportes;Transito E Transportes;Solicitar desvinculação de multas de veículos adquiridos em leilões;DETRAN;Departamento Estadual de Trânsito de Mato Grosso do Sul;Presencial;https://www.ms.gov.br/transito-e-transportes/solicitacao-de-desvinculacao-de-multas-de-veiculos-adquiridos-em-leiloes7;40;transito-e-transportes//solicitacao-de-desvinculacao-de-multas-de-veiculos-adquiridos-em-leiloes7
solicitar-retificacao-da-conta-de-agua-eou-esgoto-por-vazamento7;empresa-industria-e-comercio;Empresa Industria E Comercio;Solicitar retificação da conta de água e/ou esgoto por vazamento;SANESUL;Empresa de Saneamento de Mato Grosso do Sul;Presencial;https://www.ms.gov.br/empresa-industria-e-comercio/solicitar-retificacao-da-conta-de-agua-eou-esgoto-por-vazamento7;40;empresa-industria-e-comercio/solicitar-retificacao-da-conta-de-agua-eou-esgoto-por-vazamento7
obter-credenciamento-como-verificador-independente74;administracao-publica;Administracao Publica;Obter credenciamento como Verificador Independente;AGEMS;Agência Estadual de Regulação de Serviços Públicos de Mato Grosso do Sul;Presencial;https://www.ms.gov.br/administracao-publica/obter-credenciamento-como-verificador-independente74;40;administracao-publica//obter-credenciamento-como-verificador-independente74
emissao-de-boletos-via-site-oficial132;habitacao;Habitacao;EMISSÃO DE BOLETOS VIA SITE OFICIAL;AGEHAB;Agência de Habitação Popular de Mato Grosso do Sul;Híbrido;https://www.ms.gov.br/habitacao/emissao-de-boletos-via-site-oficial132;39;habitacao//emissao-de-boletos-via-site-oficial132
solicitar-resgate-de-animal-silvestre165;meio-ambiente;Meio Ambiente;Solicitar Resgate de Animal Silvestre;PMMS;Polícia Militar de Mato Grosso do Sul;Presencial;https://www.ms.gov.br/meio-ambiente/solicitar-resgate-de-animal-silvestre165;38;meio-ambiente/solicitar-resgate-de-animal-silvestre165//index
cadastramento-de-area-de-plantio-de-soja177;agropecuaria-e-vida-rural;Agropecuaria E Vida Rural;Cadastrar área de plantio de soja ou algodão;IAGRO;Agência Estadual de Defesa Sanitária Animal Vegetal  Mato Grosso do Sul;Digital;https://www.ms.gov.br/agropecuaria-e-vida-rural/cadastramento-de-area-de-plantio-de-soja177;38;agropecuaria-e-vida-rural//cadastramento-de-area-de-plantio-de-soja177
registro-e-confeccao-de-carteira-nacional-do-artesao85;arte-e-cultura;Arte E Cultura;Solicitar a confecção de carteira nacional do artesão;FCMS;Fundação de Cultura de Mato Grosso do Sul;Presencial;https://www.ms.gov.br/arte-e-cultura/registro-e-confeccao-de-carteira-nacional-do-artesao85;37;arte-e-cultura/registro-e-confeccao-de-carteira-nacional-do-artesao85
programa-remedio-em-casa-prc166;saude-e-cuidado;Saude E Cuidado;Solicitar programa remédio em casa - PRC;SES;Secretaria de Estado de Saúde de Mato Grosso do Sul;Presencial;https://www.ms.gov.br/saude-e-cuidado/programa-remedio-em-casa-prc166;37;saude-e-cuidado//programa-remedio-em-casa-prc166
avaliar-programas-de-integridade119;empresa-industria-e-comercio;Empresa Industria E Comercio;Avaliar programas de integridade de pessoas jurídicas de direito privado;CGE MS;Controladoria Geral do Estado de Mato Grosso do Sul;Digital;https://www.ms.gov.br/empresa-industria-e-comercio/avaliar-programas-de-integridade119;36;empresa-industria-e-comercio/avaliar-programas-de-integridade119
coleta-de-sangue167;saude-e-cuidado;Saude E Cuidado;Realizar doação de sangue;SES;Secretaria de Estado de Saúde de Mato Grosso do Sul;Presencial;https://www.ms.gov.br/saude-e-cuidado/coleta-de-sangue167;36;saude-e-cuidado//coleta-de-sangue167
comprovacao-de-destinacao-de-parte-do-irpj-ao-fundo-estadual-para-a-infancia-e-a-adolescencia-feinadms-ou-ao-fundo-estadual-dos-direitos-da-pessoa-idosa-fedpims-na-forma-da-lei-complementar-n-932001-cidec169;financas-e-impostos;Financas E Impostos;Comprovação de destinação de parte do IRPJ ao Fundo Estadual para a Infância e a Adolescência (FEINAD/MS) ou ao Fundo Estadual dos Direitos da Pessoa Idosa (FEDPI/MS);SEFAZ MS;Secretaria de Estado de Fazenda de Mato Grosso do Sul;Presencial;https://www.ms.gov.br/financas-e-impostos/comprovacao-de-destinacao-de-parte-do-irpj-ao-fundo-estadual-para-a-infancia-e-a-adolescencia-feinadms-ou-ao-fundo-estadual-dos-direitos-da-pessoa-idosa-fedpims-na-forma-da-lei-complementar-n-932001-cidec169;35;financas-e-impostos//comprovacao-de-destinacao-de-parte-do-irpj-ao-fundo-estadual-para-a-infancia-e-a-adolescencia-feinadms-ou-ao-fundo-estadual-dos-direitos-da-pessoa-idosa-fedpims-na-forma-da-lei-complementar-n-932001-cidec169
federacoes-e-ligas-inexigibilidade195;esporte-e-lazer;Esporte E Lazer;Viabilizar apoios de fomento para impulsionar o desenvolvimento esportivo de federações, clubes, associações e prefeituras municipais;FUNDESPORTE;Fundação de Desporto e Lazer de Mato Grosso do Sul;Presencial;https://www.ms.gov.br/esporte-e-lazer/federacoes-e-ligas-inexigibilidade195;35;esporte-e-lazer//federacoes-e-ligas-inexigibilidade195
programa-cuidar-de-quem-cuida60;assistencia-social;Assistencia Social;Solicitar inclusão no Programa Cuidar de Quem Cuida;SEAD;Secretaria de Estado de Assistência Social e Direitos Humanos;Híbrido;https://www.ms.gov.br/assistencia-social/programa-cuidar-de-quem-cuida60;35;assistencia-social//programa-cuidar-de-quem-cuida60
recuperacao-de-senha-microsoft-e-do-e-mail-institucional46;educacao-e-pesquisa;Educacao E Pesquisa;Recuperação de senha Microsoft e do e-mail institucional;UEMS;Universidade Estadual de Mato Grosso do Sul;Presencial;https://www.ms.gov.br/educacao-e-pesquisa/recuperacao-de-senha-microsoft-e-do-e-mail-institucional46;35;educacao-e-pesquisa//recuperacao-de-senha-microsoft-e-do-e-mail-institucional46
envio-de-documentos-do-componente-especializado-da-assistencia-farmaceutica-por-meio-digital107;saude-e-cuidado;Saude E Cuidado;Enviar documentos do Componente Especializado da Assistência Farmacêutica por meio digital;SES;Secretaria de Estado de Saúde de Mato Grosso do Sul;Híbrido;https://www.ms.gov.br/saude-e-cuidado/envio-de-documentos-do-componente-especializado-da-assistencia-farmaceutica-por-meio-digital107;35;saude-e-cuidado//envio-de-documentos-do-componente-especializado-da-assistencia-farmaceutica-por-meio-digital107
emitir-certidao-especifica-digital11;empresa-industria-e-comercio;Empresa Industria E Comercio;Emitir certidão específica digital;JUCEMS;Junta Comercial do Estado de Mato Grosso do Sul;Híbrido;https://www.ms.gov.br/empresa-industria-e-comercio/emitir-certidao-especifica-digital11;35;empresa-industria-e-comercio//emitir-certidao-especifica-digital11
solicitacao-de-pre-vistoria-para-instalacao-de-estabelecimentos-avicolas50;agropecuaria-e-vida-rural;Agropecuaria E Vida Rural;Solicitar pré-vistoria para instalação de núcleo avícola;IAGRO;Agência Estadual de Defesa Sanitária Animal Vegetal  Mato Grosso do Sul;Presencial;https://www.ms.gov.br/agropecuaria-e-vida-rural/solicitacao-de-pre-vistoria-para-instalacao-de-estabelecimentos-avicolas50;34;agropecuaria-e-vida-rural//solicitacao-de-pre-vistoria-para-instalacao-de-estabelecimentos-avicolas50
solicitacao-de-diarias-para-servidores-da-fundect16;administracao-publica;Administracao Publica;Solicitação de Diárias para Servidores da Fundect;FUNDECT;Fundação de Apoio ao Desenvolvimento do Ensino, Ciência e Tecnologia de Mato Grosso do Sul;Digital;https://www.ms.gov.br/administracao-publica/solicitacao-de-diarias-para-servidores-da-fundect16;34;administracao-publica/solicitacao-de-diarias-para-servidores-da-fundect16
cadastro-e-utilizacao-do-app-transportador158;agropecuaria-e-vida-rural;Agropecuaria E Vida Rural;Cadastrar no aplicativo transportador;IAGRO;Agência Estadual de Defesa Sanitária Animal Vegetal  Mato Grosso do Sul;Presencial;https://www.ms.gov.br/agropecuaria-e-vida-rural/cadastro-e-utilizacao-do-app-transportador158;33;agropecuaria-e-vida-rural//cadastro-e-utilizacao-do-app-transportador158
revisao-de-exame-teorico10;transito-e-transportes;Transito E Transportes;Pedir revisão de exame teórico;DETRAN;Departamento Estadual de Trânsito de Mato Grosso do Sul;Digital;https://www.ms.gov.br/transito-e-transportes/revisao-de-exame-teorico10;33;transito-e-transportes//revisao-de-exame-teorico10
plataforma-de-inteligencia-turistica-de-mato-grosso-do-sul12;turismo;Turismo;Acessar plataforma de inteligência turística de Mato Grosso do Sul;FUNDTUR;Fundação de Turismo de Mato Grosso do Sul;Digital;https://www.ms.gov.br/turismo/plataforma-de-inteligencia-turistica-de-mato-grosso-do-sul12;33;turismo/plataforma-de-inteligencia-turistica-de-mato-grosso-do-sul12
cadastrar-e-alterar-registro-de-produtos-agrotoxicos133;empresa-industria-e-comercio;Empresa Industria E Comercio;Cadastrar e alterar registro de produtos agrotóxicos;IAGRO;Agência Estadual de Defesa Sanitária Animal Vegetal  Mato Grosso do Sul;Presencial;https://www.ms.gov.br/empresa-industria-e-comercio/cadastrar-e-alterar-registro-de-produtos-agrotoxicos133;32;empresa-industria-e-comercio//cadastrar-e-alterar-registro-de-produtos-agrotoxicos133
divida-ativa-judicializada37;administracao-publica;Administracao Publica;Solicitar informações sobre débitos inscritos em dívida ativa cobrados em processo judicial;PGE MS;Procuradoria Geral do Estado de Mato Grosso do Sul;Digital;https://www.ms.gov.br/administracao-publica/divida-ativa-judicializada37;32;administracao-publica/divida-ativa-judicializada37
programa-de-verticalizacao-da-producao-agropecuaria-do-estado-de-mato-grosso-do-sul12;agropecuaria-e-vida-rural;Agropecuaria E Vida Rural;Aderir ao programa de verticalização da produção agropecuária do estado do MS;AGRAER;Agência de Desenvolvimento Agrário e Extensão Rural de Mato Grosso do Sul;Presencial;https://www.ms.gov.br/agropecuaria-e-vida-rural/programa-de-verticalizacao-da-producao-agropecuaria-do-estado-de-mato-grosso-do-sul12;32;agropecuaria-e-vida-rural/programa-de-verticalizacao-da-producao-agropecuaria-do-estado-de-mato-grosso-do-sul12
nota-fiscal-avulsa-eletronica-nfa-e-cancelamento-dentro-do-prazo-de-24h91;financas-e-impostos;Financas E Impostos;Nota fiscal avulsa eletrônica (NFA-e) - cancelamento dentro do prazo de 144h;SEFAZ MS;Secretaria de Estado de Fazenda de Mato Grosso do Sul;Presencial;https://www.ms.gov.br/financas-e-impostos/nota-fiscal-avulsa-eletronica-nfa-e-cancelamento-dentro-do-prazo-de-24h91;32;financas-e-impostos//nota-fiscal-avulsa-eletronica-nfa-e-cancelamento-dentro-do-prazo-de-24h91
solicitar-peticionamento-processual-sistema-e-ms153;administracao-publica;Administracao Publica;Solicitar peticionamento processual;CGP;Coordenadoria Geral de Perícias de Mato Grosso do Sul;Digital;https://www.ms.gov.br/administracao-publica/solicitar-peticionamento-processual-sistema-e-ms153;32;administracao-publica/solicitar-peticionamento-processual-sistema-e-ms153//index
solicitar-peticionamento-processual-sistema-e-ms132;administracao-publica;Administracao Publica;Solicitar peticionamento processual;SEJUSP;Secretaria de Estado de Justiça e Segurança Pública de Mato Grosso do Sul;Digital;https://www.ms.gov.br/administracao-publica/solicitar-peticionamento-processual-sistema-e-ms132;31;administracao-publica/solicitar-peticionamento-processual-sistema-e-ms132//index
fornecimento-de-medicamentos-da-assistencia-farmaceutica-estadual-componente-estrategico46;saude-e-cuidado;Saude E Cuidado;Solicitar fornecimento de medicamentos da assistência farmacêutica estadual - componente estratégico;SES;Secretaria de Estado de Saúde de Mato Grosso do Sul;Presencial;https://www.ms.gov.br/saude-e-cuidado/fornecimento-de-medicamentos-da-assistencia-farmaceutica-estadual-componente-estrategico46;31;saude-e-cuidado//fornecimento-de-medicamentos-da-assistencia-farmaceutica-estadual-componente-estrategico46
protocolar-documentos-administrativos-ambientais153;meio-ambiente;Meio Ambiente;Protocolar documentos administrativos ambientais;IMASUL;Instituto de Meio Ambiente de Mato Grosso do Sul;Presencial;https://www.ms.gov.br/meio-ambiente/protocolar-documentos-administrativos-ambientais153;31;meio-ambiente//protocolar-documentos-administrativos-ambientais153
apresentar-monitoramento-de-outorga-de-recursos-hidricos182;meio-ambiente;Meio Ambiente;Apresentar monitoramento de outorga de recursos hídricos;IMASUL;Instituto de Meio Ambiente de Mato Grosso do Sul;Presencial;https://www.ms.gov.br/meio-ambiente/apresentar-monitoramento-de-outorga-de-recursos-hidricos182;31;meio-ambiente//apresentar-monitoramento-de-outorga-de-recursos-hidricos182
registrar-denuncia116;comunicacao-e-transparencia;Comunicacao E Transparencia;Registrar denúncia;IAGRO;Agência Estadual de Defesa Sanitária Animal Vegetal  Mato Grosso do Sul;Digital;https://www.ms.gov.br/comunicacao-e-transparencia/registrar-denuncia116;30;comunicacao-e-transparencia//registrar-denuncia116
911-secretaria-academica-da-graduacao-portador-de-diploma31;educacao-e-pesquisa;Educacao E Pesquisa;Acessar os cursos por quem já é graduado;UEMS;Universidade Estadual de Mato Grosso do Sul;Presencial;https://www.ms.gov.br/educacao-e-pesquisa/911-secretaria-academica-da-graduacao-portador-de-diploma31;30;educacao-e-pesquisa//911-secretaria-academica-da-graduacao-portador-de-diploma31
solicitar-pedido-de-vista-e-copia19;administracao-publica;Administracao Publica;Solicitar pedido de vista e cópia;ESCOLAGOV;Fundação Escola de Governo;Presencial;https://www.ms.gov.br/administracao-publica/solicitar-pedido-de-vista-e-copia19;30;administracao-publica/solicitar-pedido-de-vista-e-copia19
solicitar-peticionamento-processual-sistema-e-ms180;administracao-publica;Administracao Publica;Solicitar peticionamento processual;DETRAN;Departamento Estadual de Trânsito de Mato Grosso do Sul;Digital;https://www.ms.gov.br/administracao-publica/solicitar-peticionamento-processual-sistema-e-ms180;30;administracao-publica//solicitar-peticionamento-processual-sistema-e-ms180
cancelar-ficha-sanitaria98;agropecuaria-e-vida-rural;Agropecuaria E Vida Rural;Desabilitar ficha sanitária;IAGRO;Agência Estadual de Defesa Sanitária Animal Vegetal  Mato Grosso do Sul;Presencial;https://www.ms.gov.br/agropecuaria-e-vida-rural/cancelar-ficha-sanitaria98;30;agropecuaria-e-vida-rural//cancelar-ficha-sanitaria98
solicitar-verificacao-de-veiculo-tanque170;empresa-industria-e-comercio;Empresa Industria E Comercio;Solicitar verificação de veículo tanque;AEM;Agência Estadual de Metrologia de Mato Grosso do Sul;Presencial;https://www.ms.gov.br/empresa-industria-e-comercio/solicitar-verificacao-de-veiculo-tanque170;30;empresa-industria-e-comercio/solicitar-verificacao-de-veiculo-tanque170
verificacao-metrologica-de-instrumentos-de-medicao197;empresa-industria-e-comercio;Empresa Industria E Comercio;Verificação metrológica de instrumentos de medição;AEM;Agência Estadual de Metrologia de Mato Grosso do Sul;Presencial;https://www.ms.gov.br/empresa-industria-e-comercio/verificacao-metrologica-de-instrumentos-de-medicao197;30;empresa-industria-e-comercio/verificacao-metrologica-de-instrumentos-de-medicao197//index
solicitar-peticionamento-processual-sistema-e-ms94;administracao-publica;Administracao Publica;Solicitar peticionamento processual;AGEPEN;Agência Estadual de Administração do Sistema Penitenciário;Digital;https://www.ms.gov.br/administracao-publica/solicitar-peticionamento-processual-sistema-e-ms94;30;administracao-publica/solicitar-peticionamento-processual-sistema-e-ms94
servico-de-cardiodiagnostico53;saude-e-cuidado;Saude E Cuidado;Solicitar exames para diagnóstico de doenças cardíacas;FUNSAU;Fundação Serviços de Saúde de MS;Presencial;https://www.ms.gov.br/saude-e-cuidado/servico-de-cardiodiagnostico53;29;saude-e-cuidado/servico-de-cardiodiagnostico53
redefinir-senha-legislacao198;ciencia-e-tecnologia;Ciencia E Tecnologia;Redefinir senha - LEGISLAÇÃO;SEGOV MS;Secretaria de Estado de Governo e Gestão Estratégica de Mato Grosso do Sul;Digital;https://www.ms.gov.br/ciencia-e-tecnologia/redefinir-senha-legislacao198;29;ciencia-e-tecnologia//redefinir-senha-legislacao198
solicitar-servico-social-do-trabalho172;trabalho-emprego-e-previdencia;Trabalho Emprego E Previdencia;Utilizar serviço psicossocial do trabalho;FUNTRAB;Fundação de Trabalho de Mato Grosso do Sul;Presencial;https://www.ms.gov.br/trabalho-emprego-e-previdencia/solicitar-servico-social-do-trabalho172;29;trabalho-emprego-e-previdencia/solicitar-servico-social-do-trabalho172
oferta-de-cursos-tecnicos-e-qualificacao-profissional-nas-formas-integrada-concomitante-e-subsequente-ao-ensino-medio172;educacao-e-pesquisa;Educacao E Pesquisa;Solicitar cursos técnicos e qualificação profissional - integrado, concomitante e subsequente ao ensino médio;SED MS;Secretaria de Estado de Educação de Mato Grosso do Sul;Presencial;https://www.ms.gov.br/educacao-e-pesquisa/oferta-de-cursos-tecnicos-e-qualificacao-profissional-nas-formas-integrada-concomitante-e-subsequente-ao-ensino-medio172;29;educacao-e-pesquisa//oferta-de-cursos-tecnicos-e-qualificacao-profissional-nas-formas-integrada-concomitante-e-subsequente-ao-ensino-medio172
registrar-reclamacao-solicitacao-sugestao-e-elogio122;comunicacao-e-transparencia;Comunicacao E Transparencia;Registrar reclamação, solicitação, sugestão e elogio;SEFAZ MS;Secretaria de Estado de Fazenda de Mato Grosso do Sul;Digital;https://www.ms.gov.br/comunicacao-e-transparencia/registrar-reclamacao-solicitacao-sugestao-e-elogio122;28;comunicacao-e-transparencia/registrar-reclamacao-solicitacao-sugestao-e-elogio122
homologacao-e-orientacao-tecnica-quanto-ao-cadastro-de-prestadores-de-servicos-turisticos-no-cadastur24;turismo;Turismo;Consultar homologação e orientação técnica quanto ao cadastro de prestadores de serviços turísticos no CADASTUR;FUNDTUR;Fundação de Turismo de Mato Grosso do Sul;Presencial;https://www.ms.gov.br/turismo/homologacao-e-orientacao-tecnica-quanto-ao-cadastro-de-prestadores-de-servicos-turisticos-no-cadastur24;28;turismo//homologacao-e-orientacao-tecnica-quanto-ao-cadastro-de-prestadores-de-servicos-turisticos-no-cadastur24
licenciar-comercio-de-animais-vivos139;agropecuaria-e-vida-rural;Agropecuaria E Vida Rural;Cadastrar revenda de aves vivas;IAGRO;Agência Estadual de Defesa Sanitária Animal Vegetal  Mato Grosso do Sul;Presencial;https://www.ms.gov.br/agropecuaria-e-vida-rural/licenciar-comercio-de-animais-vivos139;28;agropecuaria-e-vida-rural//licenciar-comercio-de-animais-vivos139
servico-de-hemodinamica25;saude-e-cuidado;Saude E Cuidado;Solicitar exames de hemodinâmica;FUNSAU;Fundação Serviços de Saúde de MS;Presencial;https://www.ms.gov.br/saude-e-cuidado/servico-de-hemodinamica25;28;saude-e-cuidado/servico-de-hemodinamica25
servico-de-protocolos66;administracao-publica;Administracao Publica;Solicitar serviço de protocolos;SAD;Secretaria de Estado de Administração de Mato Grosso do Sul;Presencial;https://www.ms.gov.br/administracao-publica/servico-de-protocolos66;28;administracao-publica/servico-de-protocolos66
redefinir-a-senha-do-login-de-rede115;ciencia-e-tecnologia;Ciencia E Tecnologia;Redefinir a senha do login de rede;SEGOV MS;Secretaria de Estado de Governo e Gestão Estratégica de Mato Grosso do Sul;Digital;https://www.ms.gov.br/ciencia-e-tecnologia/redefinir-a-senha-do-login-de-rede115;27;ciencia-e-tecnologia//redefinir-a-senha-do-login-de-rede115
cadastrar-laboratorios-e-veterinarios-para-utilizacao-do-aplicativo-resenha-virtual168;agropecuaria-e-vida-rural;Agropecuaria E Vida Rural;Cadastrar laboratório e veterinário para uso do aplicativo resenha virtual;IAGRO;Agência Estadual de Defesa Sanitária Animal Vegetal  Mato Grosso do Sul;Presencial;https://www.ms.gov.br/agropecuaria-e-vida-rural/cadastrar-laboratorios-e-veterinarios-para-utilizacao-do-aplicativo-resenha-virtual168;27;agropecuaria-e-vida-rural//cadastrar-laboratorios-e-veterinarios-para-utilizacao-do-aplicativo-resenha-virtual168
88-seacad-ead-matricula-inicial140;educacao-e-pesquisa;Educacao E Pesquisa;Solicitar matrícula inicial em curso de graduação;UEMS;Universidade Estadual de Mato Grosso do Sul;Presencial;https://www.ms.gov.br/educacao-e-pesquisa/88-seacad-ead-matricula-inicial140;26;educacao-e-pesquisa//88-seacad-ead-matricula-inicial140
curso-de-libras191;educacao-e-pesquisa;Educacao E Pesquisa;Solicitar participação no curso de libras;SED MS;Secretaria de Estado de Educação de Mato Grosso do Sul;Presencial;https://www.ms.gov.br/educacao-e-pesquisa/curso-de-libras191;26;educacao-e-pesquisa/curso-de-libras191
registrar-denuncia34;comunicacao-e-transparencia;Comunicacao E Transparencia;Registrar denúncia;SEFAZ MS;Secretaria de Estado de Fazenda de Mato Grosso do Sul;Híbrido;https://www.ms.gov.br/comunicacao-e-transparencia/registrar-denuncia34;26;comunicacao-e-transparencia/registrar-denuncia34
programa-de-desenvolvimento-da-producao-agropecuaria-ms-pdagro6;agropecuaria-e-vida-rural;Agropecuaria E Vida Rural;Solicitar informações do programa MS PDAgro;SEMADESC;Secretaria de Estado de Meio Ambiente, Desenvolvimento, Ciência, Tecnologia e Inovação de Mato Grosso do Sul;Presencial;https://www.ms.gov.br/agropecuaria-e-vida-rural/programa-de-desenvolvimento-da-producao-agropecuaria-ms-pdagro6;26;agropecuaria-e-vida-rural/programa-de-desenvolvimento-da-producao-agropecuaria-ms-pdagro6//index
reconhecimento-de-identidade-de-genero-nos-documentos-academicos118;direitos-e-cidadania;Direitos E Cidadania;Solicitar reconhecimento de identidade de gênero nos documentos acadêmicos;UEMS;Universidade Estadual de Mato Grosso do Sul;Presencial;https://www.ms.gov.br/direitos-e-cidadania/reconhecimento-de-identidade-de-genero-nos-documentos-academicos118;26;direitos-e-cidadania//reconhecimento-de-identidade-de-genero-nos-documentos-academicos118
172-promuse-programa-mulher-segura14;seguranca;Seguranca;Participar do programa mulher segura (PROMUSE);PMMS;Polícia Militar de Mato Grosso do Sul;Presencial;https://www.ms.gov.br/seguranca/172-promuse-programa-mulher-segura14;26;seguranca/172-promuse-programa-mulher-segura14
banco-de-leite-humano135;saude-e-cuidado;Saude E Cuidado;Solicitar coleta e doação de leite materno;FUNSAU;Fundação Serviços de Saúde de MS;Presencial;https://www.ms.gov.br/saude-e-cuidado/banco-de-leite-humano135;26;saude-e-cuidado/banco-de-leite-humano135//index
apoio-as-prefeituras-municipais137;administracao-publica;Administracao Publica;Solicitar apoio às prefeituras municipais;FUNDESPORTE;Fundação de Desporto e Lazer de Mato Grosso do Sul;Presencial;https://www.ms.gov.br/administracao-publica/apoio-as-prefeituras-municipais137;25;administracao-publica/apoio-as-prefeituras-municipais137
termo-de-verificacao-fiscal-de-exportacao-tvf-exportacao-baixa15;financas-e-impostos;Financas E Impostos;Termo de verificação fiscal de exportação (TVF-Exportação) - baixa;SEFAZ MS;Secretaria de Estado de Fazenda de Mato Grosso do Sul;Presencial;https://www.ms.gov.br/financas-e-impostos/termo-de-verificacao-fiscal-de-exportacao-tvf-exportacao-baixa15;25;financas-e-impostos//termo-de-verificacao-fiscal-de-exportacao-tvf-exportacao-baixa15
apoio-tecnico-aos-municipios-na-ocorrencia-de-desastres6;seguranca;Seguranca;Solicitar apoio técnico/operacional em ocorrência de desastres;SEGOV MS;Secretaria de Estado de Governo e Gestão Estratégica de Mato Grosso do Sul;Presencial;https://www.ms.gov.br/seguranca/apoio-tecnico-aos-municipios-na-ocorrencia-de-desastres6;25;seguranca//apoio-tecnico-aos-municipios-na-ocorrencia-de-desastres6
pedido-de-acesso-a-informacao165;comunicacao-e-transparencia;Comunicacao E Transparencia;Fazer pedido de acesso à informação;SAD;Secretaria de Estado de Administração de Mato Grosso do Sul;Digital;https://www.ms.gov.br/comunicacao-e-transparencia/pedido-de-acesso-a-informacao165;25;comunicacao-e-transparencia//pedido-de-acesso-a-informacao165
autorizacao-de-aquisicaoimportacao-e-plantio-de-mudas-citricas-para-produtores-rurais138;agropecuaria-e-vida-rural;Agropecuaria E Vida Rural;Requerer autorização para aquisição/importação e plantio de mudas cítricas;IAGRO;Agência Estadual de Defesa Sanitária Animal Vegetal  Mato Grosso do Sul;Presencial;https://www.ms.gov.br/agropecuaria-e-vida-rural/autorizacao-de-aquisicaoimportacao-e-plantio-de-mudas-citricas-para-produtores-rurais138;25;agropecuaria-e-vida-rural//autorizacao-de-aquisicaoimportacao-e-plantio-de-mudas-citricas-para-produtores-rurais138
solicitar-relatorio-de-empresas22;empresa-industria-e-comercio;Empresa Industria E Comercio;Solicitar relatório de empresas;JUCEMS;Junta Comercial do Estado de Mato Grosso do Sul;Digital;https://www.ms.gov.br/empresa-industria-e-comercio/solicitar-relatorio-de-empresas22;25;empresa-industria-e-comercio//solicitar-relatorio-de-empresas22
solicitar-pedido-de-vista-e-copia-sistema-e-ms153;administracao-publica;Administracao Publica;Solicitar pedido de vista e cópia;FUNDTUR;Fundação de Turismo de Mato Grosso do Sul;Digital;https://www.ms.gov.br/administracao-publica/solicitar-pedido-de-vista-e-copia-sistema-e-ms153;24;administracao-publica//solicitar-pedido-de-vista-e-copia-sistema-e-ms153
programa-de-formacao-e-capacitacao-em-educacao-fisica-atividade-fisica-para-a-saude-desporto-paradesporto-arbritagem-e-lazer100;esporte-e-lazer;Esporte E Lazer;Solicitação ao Programa de Formação e Capacitação Esportiva oferecido pela UCAPES aos profissionais de Educação Física e Acadêmicos, nas diversas áreas: esporte, treinamentos, paradesporto, saúde e gestão esportiva;FUNDESPORTE;Fundação de Desporto e Lazer de Mato Grosso do Sul;Presencial;https://www.ms.gov.br/esporte-e-lazer/programa-de-formacao-e-capacitacao-em-educacao-fisica-atividade-fisica-para-a-saude-desporto-paradesporto-arbritagem-e-lazer100;24;esporte-e-lazer/programa-de-formacao-e-capacitacao-em-educacao-fisica-atividade-fisica-para-a-saude-desporto-paradesporto-arbritagem-e-lazer100//index
registrar-reclamacao196;comunicacao-e-transparencia;Comunicacao E Transparencia;Registrar reclamação, solicitação, sugestão e elogio;CGE MS;Controladoria Geral do Estado de Mato Grosso do Sul;Digital;https://www.ms.gov.br/comunicacao-e-transparencia/registrar-reclamacao196;24;comunicacao-e-transparencia//registrar-reclamacao196
solicitar-atendimento-para-acoes-de-defesa-civil189;forcas-armadas-e-defesa-civil;Forcas Armadas E Defesa Civil;Solicitar atendimento para ações de defesa civil;CBMMS;Corpo de Bombeiros Militar;Presencial;https://www.ms.gov.br/forcas-armadas-e-defesa-civil/solicitar-atendimento-para-acoes-de-defesa-civil189;24;forcas-armadas-e-defesa-civil//solicitar-atendimento-para-acoes-de-defesa-civil189
pedido-de-acesso-a-informacao98;comunicacao-e-transparencia;Comunicacao E Transparencia;Fazer pedido de informação;DETRAN;Departamento Estadual de Trânsito de Mato Grosso do Sul;Digital;https://www.ms.gov.br/comunicacao-e-transparencia/pedido-de-acesso-a-informacao98;24;comunicacao-e-transparencia//pedido-de-acesso-a-informacao98
solicitacao-de-cursos-na-escola-do-suas-ms60;assistencia-social;Assistencia Social;Acessar cursos da Escola do SUAS/MS;SEAD;Secretaria de Estado de Assistência Social e Direitos Humanos;Presencial;https://www.ms.gov.br/assistencia-social/solicitacao-de-cursos-na-escola-do-suas-ms60;24;assistencia-social//solicitacao-de-cursos-na-escola-do-suas-ms60
solicitar-agendamento-de-visitas-em-parques-estaduais-e-outras-unidades-de-conservacao-da-natureza85;meio-ambiente;Meio Ambiente;Solicitar agendamento de visitas em parques estaduais e outras unidades de conservação da natureza;IMASUL;Instituto de Meio Ambiente de Mato Grosso do Sul;Presencial;https://www.ms.gov.br/meio-ambiente/solicitar-agendamento-de-visitas-em-parques-estaduais-e-outras-unidades-de-conservacao-da-natureza85;24;meio-ambiente/solicitar-agendamento-de-visitas-em-parques-estaduais-e-outras-unidades-de-conservacao-da-natureza85//index
02-radio-patrulha-protecao-de-vidas-nas-cidades67;seguranca;Seguranca;Rádio Patrulha – Proteção de vidas nas cidades;PMMS;Polícia Militar de Mato Grosso do Sul;Presencial;https://www.ms.gov.br/seguranca/02-radio-patrulha-protecao-de-vidas-nas-cidades67;24;seguranca/02-radio-patrulha-protecao-de-vidas-nas-cidades67//imprimir
requerer-auxilio-invalidez-ao-aposentado-por-incapacidade-definitiva161;trabalho-emprego-e-previdencia;Trabalho Emprego E Previdencia;Requerer o auxílio-invalidez ao aposentado por incapacidade definitiva;AGEPREV;Agência de Previdência Social de Mato Grosso do Sul;Presencial;https://www.ms.gov.br/trabalho-emprego-e-previdencia/requerer-auxilio-invalidez-ao-aposentado-por-incapacidade-definitiva161;24;trabalho-emprego-e-previdencia//requerer-auxilio-invalidez-ao-aposentado-por-incapacidade-definitiva161
solicitar-teleconsulta177;saude-e-cuidado;Saude E Cuidado;Solicitar Teleconsulta;SES;Secretaria de Estado de Saúde de Mato Grosso do Sul;Digital;https://www.ms.gov.br/saude-e-cuidado/solicitar-teleconsulta177;23;saude-e-cuidado//solicitar-teleconsulta177
avaliacao-pericial-para-comunicacao-de-acidente-de-trabalho-cat-avaliacao-pericial-para-comunicacao-de-acidente-de-trabalho-cat172;trabalho-emprego-e-previdencia;Trabalho Emprego E Previdencia;Solicitar a avaliação pericial para comunicação de acidente de trabalho - CAT;AGEPREV;Agência de Previdência Social de Mato Grosso do Sul;Presencial;https://www.ms.gov.br/trabalho-emprego-e-previdencia/avaliacao-pericial-para-comunicacao-de-acidente-de-trabalho-cat-avaliacao-pericial-para-comunicacao-de-acidente-de-trabalho-cat172;23;trabalho-emprego-e-previdencia//avaliacao-pericial-para-comunicacao-de-acidente-de-trabalho-cat-avaliacao-pericial-para-comunicacao-de-acidente-de-trabalho-cat172
solicitar-autorizacao-ambiental-para-manejo-de-fauna-ex-situ185;meio-ambiente;Meio Ambiente;Solicitar autorização ambiental para manejo de fauna ex situ;IMASUL;Instituto de Meio Ambiente de Mato Grosso do Sul;Presencial;https://www.ms.gov.br/meio-ambiente/solicitar-autorizacao-ambiental-para-manejo-de-fauna-ex-situ185;23;meio-ambiente//solicitar-autorizacao-ambiental-para-manejo-de-fauna-ex-situ185
solicitar-pedido-de-vista-e-copia-sistema-e-ms126;administracao-publica;Administracao Publica;Solicitar pedido de vista e cópia;AGEPEN;Agência Estadual de Administração do Sistema Penitenciário;Digital;https://www.ms.gov.br/administracao-publica/solicitar-pedido-de-vista-e-copia-sistema-e-ms126;22;administracao-publica/solicitar-pedido-de-vista-e-copia-sistema-e-ms126
solicitacao-de-atualizacao-de-curso-para-instrutor-de-transito196;transito-e-transportes;Transito E Transportes;Cursar a Atualização de Instrutor de Trânsito;DETRAN;Departamento Estadual de Trânsito de Mato Grosso do Sul;Presencial;https://www.ms.gov.br/transito-e-transportes/solicitacao-de-atualizacao-de-curso-para-instrutor-de-transito196;22;transito-e-transportes//solicitacao-de-atualizacao-de-curso-para-instrutor-de-transito196
divisao-de-multas-dim140;transito-e-transportes;Transito E Transportes;Recorrer das multas de trânsito em rodovias de MS;AGESUL;Agência Estadual de Gestão de Empreendimentos de Mato Grosso do Sul;Presencial;https://www.ms.gov.br/transito-e-transportes/divisao-de-multas-dim140;22;transito-e-transportes//divisao-de-multas-dim140
requisicao-de-alvara-sanitario62;saude-e-cuidado;Saude E Cuidado;Solicitar licença sanitária ou sua renovação (alvará).;SES;Secretaria de Estado de Saúde de Mato Grosso do Sul;Presencial;https://www.ms.gov.br/saude-e-cuidado/requisicao-de-alvara-sanitario62;21;saude-e-cuidado//requisicao-de-alvara-sanitario62
matricula-inicial93;educacao-e-pesquisa;Educacao E Pesquisa;Solicitar matrícula inicial;UEMS;Universidade Estadual de Mato Grosso do Sul;Digital;https://www.ms.gov.br/educacao-e-pesquisa/matricula-inicial93;21;educacao-e-pesquisa//matricula-inicial93
curso-de-direcao-defensiva133;transito-e-transportes;Transito E Transportes;Curso de Direção Defensiva;DETRAN;Departamento Estadual de Trânsito de Mato Grosso do Sul;Presencial;https://www.ms.gov.br/transito-e-transportes/curso-de-direcao-defensiva133;21;transito-e-transportes//curso-de-direcao-defensiva133
cadastrar-apiarios-e-meliponarios67;agropecuaria-e-vida-rural;Agropecuaria E Vida Rural;Cadastrar apiário ou meliponário;IAGRO;Agência Estadual de Defesa Sanitária Animal Vegetal  Mato Grosso do Sul;Presencial;https://www.ms.gov.br/agropecuaria-e-vida-rural/cadastrar-apiarios-e-meliponarios67;21;agropecuaria-e-vida-rural//cadastrar-apiarios-e-meliponarios67
solicitar-pedido-de-vista-e-copia-sistema-e-ms188;administracao-publica;Administracao Publica;Solicitar pedido de vista e cópia;CGP;Coordenadoria Geral de Perícias de Mato Grosso do Sul;Digital;https://www.ms.gov.br/administracao-publica/solicitar-pedido-de-vista-e-copia-sistema-e-ms188;20;administracao-publica/solicitar-pedido-de-vista-e-copia-sistema-e-ms188//index
registrar-denuncia53;comunicacao-e-transparencia;Comunicacao E Transparencia;Registrar denúncia;CGE MS;Controladoria Geral do Estado de Mato Grosso do Sul;Híbrido;https://www.ms.gov.br/comunicacao-e-transparencia/registrar-denuncia53;20;comunicacao-e-transparencia/registrar-denuncia53
registrar-reclamacao-solicitacao-sugestao-e-elogio19;comunicacao-e-transparencia;Comunicacao E Transparencia;Registrar reclamação, solicitação, sugestão e elogio;CGP;Coordenadoria Geral de Perícias de Mato Grosso do Sul;Digital;https://www.ms.gov.br/comunicacao-e-transparencia/registrar-reclamacao-solicitacao-sugestao-e-elogio19;20;comunicacao-e-transparencia/registrar-reclamacao-solicitacao-sugestao-e-elogio19//index
solicitar-liberacao-ou-bloqueio-de-acesso-a-conteudo-da-internet93;ciencia-e-tecnologia;Ciencia E Tecnologia;Solicitar liberação ou bloqueio de acesso a conteúdo da Internet;SEGOV MS;Secretaria de Estado de Governo e Gestão Estratégica de Mato Grosso do Sul;Digital;https://www.ms.gov.br/ciencia-e-tecnologia/solicitar-liberacao-ou-bloqueio-de-acesso-a-conteudo-da-internet93;20;ciencia-e-tecnologia//solicitar-liberacao-ou-bloqueio-de-acesso-a-conteudo-da-internet93
emitir-boleto-para-pagamento-de-divida-ativa-protestada135;administracao-publica;Administracao Publica;Emitir boleto para pagar débito inscrito em dívida ativa e protestado;PGE MS;Procuradoria Geral do Estado de Mato Grosso do Sul;Híbrido;https://www.ms.gov.br/administracao-publica/emitir-boleto-para-pagamento-de-divida-ativa-protestada135;20;administracao-publica/emitir-boleto-para-pagamento-de-divida-ativa-protestada135
agente-voluntario-de-defesa-civil-avdc25;seguranca;Seguranca;Solicitar capacitação e qualificação para atuar como agente voluntário de Defesa Civil - AVDC;SEGOV MS;Secretaria de Estado de Governo e Gestão Estratégica de Mato Grosso do Sul;Presencial;https://www.ms.gov.br/seguranca/agente-voluntario-de-defesa-civil-avdc25;19;seguranca//agente-voluntario-de-defesa-civil-avdc25
solicitar-avaliacao-pericial-para-concessao-de-licenca-para-tratamento-de-saude182;trabalho-emprego-e-previdencia;Trabalho Emprego E Previdencia;Solicitar a avaliação pericial para concessão de licença para tratamento de saúde;AGEPREV;Agência de Previdência Social de Mato Grosso do Sul;Presencial;https://www.ms.gov.br/trabalho-emprego-e-previdencia/solicitar-avaliacao-pericial-para-concessao-de-licenca-para-tratamento-de-saude182;19;trabalho-emprego-e-previdencia//solicitar-avaliacao-pericial-para-concessao-de-licenca-para-tratamento-de-saude182
habilitacaorenovacao-de-habilitacao-de-responsavel-tecnico-para-emissao-de-certificado-fitossanitario-de-origem-cfo-e-certificado-fitossanitario-de-origem-consolidado-cfoc62;agropecuaria-e-vida-rural;Agropecuaria E Vida Rural;Habilitar ou renovar responsável técnico para emissão de Certificado Fitossanitário de Origem (CFO) e Certificado Fitossanitário de Origem Consolidado (CFOC);IAGRO;Agência Estadual de Defesa Sanitária Animal Vegetal  Mato Grosso do Sul;Presencial;https://www.ms.gov.br/agropecuaria-e-vida-rural/habilitacaorenovacao-de-habilitacao-de-responsavel-tecnico-para-emissao-de-certificado-fitossanitario-de-origem-cfo-e-certificado-fitossanitario-de-origem-consolidado-cfoc62;19;agropecuaria-e-vida-rural//habilitacaorenovacao-de-habilitacao-de-responsavel-tecnico-para-emissao-de-certificado-fitossanitario-de-origem-cfo-e-certificado-fitossanitario-de-origem-consolidado-cfoc62
consultar-exames-ambulatorial188;saude-e-cuidado;Saude E Cuidado;Consultar exames ambulatorial;SES;Secretaria de Estado de Saúde de Mato Grosso do Sul;Presencial;https://www.ms.gov.br/saude-e-cuidado/consultar-exames-ambulatorial188;19;saude-e-cuidado//consultar-exames-ambulatorial188
cadastrar-medico-veterinario-para-realizar-vacinacao-contra-brucelose4;agropecuaria-e-vida-rural;Agropecuaria E Vida Rural;Cadastrar médico veterinário para realizar vacinação contra brucelose;IAGRO;Agência Estadual de Defesa Sanitária Animal Vegetal  Mato Grosso do Sul;Presencial;https://www.ms.gov.br/agropecuaria-e-vida-rural/cadastrar-medico-veterinario-para-realizar-vacinacao-contra-brucelose4;18;agropecuaria-e-vida-rural//cadastrar-medico-veterinario-para-realizar-vacinacao-contra-brucelose4
alterar-registro-de-empresa-comerciante-de-agrotoxico-e-prestador-de-servico103;agropecuaria-e-vida-rural;Agropecuaria E Vida Rural;Alterar registro de empresa comerciante de agrotóxico e prestador de serviço;IAGRO;Agência Estadual de Defesa Sanitária Animal Vegetal  Mato Grosso do Sul;Presencial;https://www.ms.gov.br/agropecuaria-e-vida-rural/alterar-registro-de-empresa-comerciante-de-agrotoxico-e-prestador-de-servico103;18;agropecuaria-e-vida-rural//alterar-registro-de-empresa-comerciante-de-agrotoxico-e-prestador-de-servico103
consulta-aos-estoques-dos-medicamentos-do-componente-especializado-da-assistencia-farmaceutica-ceaf71;saude-e-cuidado;Saude E Cuidado;Consultar os estoques dos medicamentos do Componente Especializado da Assistência Farmacêutica – CEAF;SES;Secretaria de Estado de Saúde de Mato Grosso do Sul;Digital;https://www.ms.gov.br/saude-e-cuidado/consulta-aos-estoques-dos-medicamentos-do-componente-especializado-da-assistencia-farmaceutica-ceaf71;18;saude-e-cuidado//consulta-aos-estoques-dos-medicamentos-do-componente-especializado-da-assistencia-farmaceutica-ceaf71
solicitar-atendimento-pelo-centro-especializado-de-atendimento-a-mulher-ceam181;direitos-e-cidadania;Direitos E Cidadania;Solicitar atendimento pelo centro especializado de Atendimento à Mulher, à Criança e ao Adolescente em Situação de Violência - CEAMCA;SEC;Secretaria de Estado da Cidadania;Presencial;https://www.ms.gov.br/direitos-e-cidadania/solicitar-atendimento-pelo-centro-especializado-de-atendimento-a-mulher-ceam181;18;direitos-e-cidadania//solicitar-atendimento-pelo-centro-especializado-de-atendimento-a-mulher-ceam181
solicitar-autorizacao-para-a-realizacao-de-eventos-e-outros-usos-no-parque-das-nacoes-indigenas-pni52;meio-ambiente;Meio Ambiente;Solicitar autorização para a realização de eventos e outros usos no Parque das Nações Indígenas (PNI);IMASUL;Instituto de Meio Ambiente de Mato Grosso do Sul;Presencial;https://www.ms.gov.br/meio-ambiente/solicitar-autorizacao-para-a-realizacao-de-eventos-e-outros-usos-no-parque-das-nacoes-indigenas-pni52;17;meio-ambiente//solicitar-autorizacao-para-a-realizacao-de-eventos-e-outros-usos-no-parque-das-nacoes-indigenas-pni52
nota-fiscal-de-produtor-serie-especial-nfpse-impressao-de-formulario51;agropecuaria-e-vida-rural;Agropecuaria E Vida Rural;Nota fiscal de produtor, série especial (NFP/SE) - impressão de formulário;SEFAZ MS;Secretaria de Estado de Fazenda de Mato Grosso do Sul;Presencial;https://www.ms.gov.br/agropecuaria-e-vida-rural/nota-fiscal-de-produtor-serie-especial-nfpse-impressao-de-formulario51;17;agropecuaria-e-vida-rural//nota-fiscal-de-produtor-serie-especial-nfpse-impressao-de-formulario51
cadastrar-industria-produtos-agrotoxicos-no-e-saniagro176;agropecuaria-e-vida-rural;Agropecuaria E Vida Rural;Cadastrar indústria produtos agrotóxicos no e-saniagro;IAGRO;Agência Estadual de Defesa Sanitária Animal Vegetal  Mato Grosso do Sul;Presencial;https://www.ms.gov.br/agropecuaria-e-vida-rural/cadastrar-industria-produtos-agrotoxicos-no-e-saniagro176;17;agropecuaria-e-vida-rural//cadastrar-industria-produtos-agrotoxicos-no-e-saniagro176
orientacoes-para-solicitacao-de-certidao-negativa-de-tombamento142;arte-e-cultura;Arte E Cultura;Orientações para solicitação de certidão negativa de tombamento;FCMS;Fundação de Cultura de Mato Grosso do Sul;Digital;https://www.ms.gov.br/arte-e-cultura/orientacoes-para-solicitacao-de-certidao-negativa-de-tombamento142;17;arte-e-cultura/orientacoes-para-solicitacao-de-certidao-negativa-de-tombamento142
solicitacao-de-apoio-para-conselheiros-tutelares-e-municipais-dos-direitos-da-crianca-e-do-adolescente149;direitos-e-cidadania;Direitos E Cidadania;Solicitar capacitação para conselheiros tutelares e municipais dos direitos da criança e do adolescente;SEAD;Secretaria de Estado de Assistência Social e Direitos Humanos;Presencial;https://www.ms.gov.br/direitos-e-cidadania/solicitacao-de-apoio-para-conselheiros-tutelares-e-municipais-dos-direitos-da-crianca-e-do-adolescente149;17;direitos-e-cidadania//solicitacao-de-apoio-para-conselheiros-tutelares-e-municipais-dos-direitos-da-crianca-e-do-adolescente149
solicitar-pedido-de-vista-e-copia-sistema-e-ms56;administracao-publica;Administracao Publica;Solicitar pedido de vista e cópia;DETRAN;Departamento Estadual de Trânsito de Mato Grosso do Sul;Digital;https://www.ms.gov.br/administracao-publica/solicitar-pedido-de-vista-e-copia-sistema-e-ms56;17;administracao-publica//solicitar-pedido-de-vista-e-copia-sistema-e-ms56
solicitar-pedido-de-vista-e-copia-sistema-e-ms4;administracao-publica;Administracao Publica;Solicitar pedido de vista e cópia;JUCEMS;Junta Comercial do Estado de Mato Grosso do Sul;Digital;https://www.ms.gov.br/administracao-publica/solicitar-pedido-de-vista-e-copia-sistema-e-ms4;17;administracao-publica//solicitar-pedido-de-vista-e-copia-sistema-e-ms4
abono-de-faltas128;educacao-e-pesquisa;Educacao E Pesquisa;Solicitar abono de faltas;UEMS;Universidade Estadual de Mato Grosso do Sul;Digital;https://www.ms.gov.br/educacao-e-pesquisa/abono-de-faltas128;17;educacao-e-pesquisa//abono-de-faltas128
acessar-indicadores-da-atividade-turistica-do-mato-grosso-do-sul141;turismo;Turismo;Acessar indicadores da atividade turística do Mato Grosso Do Sul;FUNDTUR;Fundação de Turismo de Mato Grosso do Sul;Digital;https://www.ms.gov.br/turismo/acessar-indicadores-da-atividade-turistica-do-mato-grosso-do-sul141;16;turismo/acessar-indicadores-da-atividade-turistica-do-mato-grosso-do-sul141
apoiar-a-educacao-basica-das-escolas-publicas-de-mato-grosso-do-sul168;educacao-e-pesquisa;Educacao E Pesquisa;Apoiar a educação básica das escolas públicas de Mato Grosso do Sul;FADEB;Fundação da Apoio e Desenvolvimento à Educação Básica;Presencial;https://www.ms.gov.br/educacao-e-pesquisa/apoiar-a-educacao-basica-das-escolas-publicas-de-mato-grosso-do-sul168;16;educacao-e-pesquisa/apoiar-a-educacao-basica-das-escolas-publicas-de-mato-grosso-do-sul168//index
exames-periodicos-em-servidores-em-exercicio-na-sejusp-em-desenvolvimento112;trabalho-emprego-e-previdencia;Trabalho Emprego E Previdencia;Solicitar a avaliação pericial para realizar exame periódico de saúde do Servidor;AGEPREV;Agência de Previdência Social de Mato Grosso do Sul;Presencial;https://www.ms.gov.br/trabalho-emprego-e-previdencia/exames-periodicos-em-servidores-em-exercicio-na-sejusp-em-desenvolvimento112;16;trabalho-emprego-e-previdencia//exames-periodicos-em-servidores-em-exercicio-na-sejusp-em-desenvolvimento112
solicitar-peticionamento-processual-sistema-e-ms63;administracao-publica;Administracao Publica;Solicitar peticionamento processual;AGEMS;Agência Estadual de Regulação de Serviços Públicos de Mato Grosso do Sul;Digital;https://www.ms.gov.br/administracao-publica/solicitar-peticionamento-processual-sistema-e-ms63;16;administracao-publica//solicitar-peticionamento-processual-sistema-e-ms63
requerimento-de-adesao-ao-pecoms-iagro7;agropecuaria-e-vida-rural;Agropecuaria E Vida Rural;Aderir ao PECOMS;IAGRO;Agência Estadual de Defesa Sanitária Animal Vegetal  Mato Grosso do Sul;Presencial;https://www.ms.gov.br/agropecuaria-e-vida-rural/requerimento-de-adesao-ao-pecoms-iagro7;16;agropecuaria-e-vida-rural//requerimento-de-adesao-ao-pecoms-iagro7
pedido-de-acesso-a-informacao46;comunicacao-e-transparencia;Comunicacao E Transparencia;Fazer pedido de acesso à informação;SEC;Secretaria de Estado da Cidadania;Digital;https://www.ms.gov.br/comunicacao-e-transparencia/pedido-de-acesso-a-informacao46;16;comunicacao-e-transparencia/pedido-de-acesso-a-informacao46//index
solicitacao-de-remarcacao-de-chassi-eou-motor-do-veiculo173;transito-e-transportes;Transito E Transportes;Solicitar remarcação de chassi ou motor do veículo;DETRAN;Departamento Estadual de Trânsito de Mato Grosso do Sul;Presencial;https://www.ms.gov.br/transito-e-transportes/solicitacao-de-remarcacao-de-chassi-eou-motor-do-veiculo173;16;transito-e-transportes//solicitacao-de-remarcacao-de-chassi-eou-motor-do-veiculo173
cadastro-no-sistema-estadual-de-bibliotecas-publicas-de-mato-grosso-do-sul-sebpms195;educacao-e-pesquisa;Educacao E Pesquisa;Cadastro no Sistema Estadual de Bibliotecas Públicas de Mato Grosso do Sul (SEBP/MS);FCMS;Fundação de Cultura de Mato Grosso do Sul;Digital;https://www.ms.gov.br/educacao-e-pesquisa/cadastro-no-sistema-estadual-de-bibliotecas-publicas-de-mato-grosso-do-sul-sebpms195;16;educacao-e-pesquisa/cadastro-no-sistema-estadual-de-bibliotecas-publicas-de-mato-grosso-do-sul-sebpms195//index
solicitacao-de-atualizacao-de-placas-para-o-novo-padrao-de-identificacao-veicular-piv84;transito-e-transportes;Transito E Transportes;Solicitar mudança de placas para o novo padrão Mercosul;DETRAN;Departamento Estadual de Trânsito de Mato Grosso do Sul;Presencial;https://www.ms.gov.br/transito-e-transportes/solicitacao-de-atualizacao-de-placas-para-o-novo-padrao-de-identificacao-veicular-piv84;16;transito-e-transportes//solicitacao-de-atualizacao-de-placas-para-o-novo-padrao-de-identificacao-veicular-piv84
registrar-denuncia23;comunicacao-e-transparencia;Comunicacao E Transparencia;Registrar denúncia;SED MS;Secretaria de Estado de Educação de Mato Grosso do Sul;Híbrido;https://www.ms.gov.br/comunicacao-e-transparencia/registrar-denuncia23;15;comunicacao-e-transparencia//registrar-denuncia23
oferta-do-ensino-medio199;educacao-e-pesquisa;Educacao E Pesquisa;Solicitar matrícula na etapa do ensino médio;SED MS;Secretaria de Estado de Educação de Mato Grosso do Sul;Presencial;https://www.ms.gov.br/educacao-e-pesquisa/oferta-do-ensino-medio199;15;educacao-e-pesquisa//oferta-do-ensino-medio199
emitir-ou-consultar-documentos-referentes-ao-transito-de-animais173;agropecuaria-e-vida-rural;Agropecuaria E Vida Rural;Consultar documentos referente ao trânsito de animais;IAGRO;Agência Estadual de Defesa Sanitária Animal Vegetal  Mato Grosso do Sul;Presencial;https://www.ms.gov.br/agropecuaria-e-vida-rural/emitir-ou-consultar-documentos-referentes-ao-transito-de-animais173;15;agropecuaria-e-vida-rural//emitir-ou-consultar-documentos-referentes-ao-transito-de-animais173
0512-proec-solicitacao-de-isbn-para-materiais-produzidos-pela-instituicao195;educacao-e-pesquisa;Educacao E Pesquisa;Solicitar inscrição em curso de língua estrangeira e especiais;UEMS;Universidade Estadual de Mato Grosso do Sul;Presencial;https://www.ms.gov.br/educacao-e-pesquisa/0512-proec-solicitacao-de-isbn-para-materiais-produzidos-pela-instituicao195;15;educacao-e-pesquisa//0512-proec-solicitacao-de-isbn-para-materiais-produzidos-pela-instituicao195
concessao-da-equivalencia-de-estudos96;educacao-e-pesquisa;Educacao E Pesquisa;Solicitar equivalência de estudos;SED MS;Secretaria de Estado de Educação de Mato Grosso do Sul;Presencial;https://www.ms.gov.br/educacao-e-pesquisa/concessao-da-equivalencia-de-estudos96;15;educacao-e-pesquisa//concessao-da-equivalencia-de-estudos96
pedido-de-acesso-a-informacao152;direitos-e-cidadania;Direitos E Cidadania;Fazer pedido de acesso à Informação;FUNDESPORTE;Fundação de Desporto e Lazer de Mato Grosso do Sul;Presencial;https://www.ms.gov.br/direitos-e-cidadania/pedido-de-acesso-a-informacao152;15;direitos-e-cidadania/pedido-de-acesso-a-informacao152
cadastrar-ou-atualizar-medico-veterinario-avicultura-ou-suinocultura84;agropecuaria-e-vida-rural;Agropecuaria E Vida Rural;Cadastrar ou atualizar médico veterinário - avicultura ou suinocultura;IAGRO;Agência Estadual de Defesa Sanitária Animal Vegetal  Mato Grosso do Sul;Presencial;https://www.ms.gov.br/agropecuaria-e-vida-rural/cadastrar-ou-atualizar-medico-veterinario-avicultura-ou-suinocultura84;15;agropecuaria-e-vida-rural//cadastrar-ou-atualizar-medico-veterinario-avicultura-ou-suinocultura84
atualizacao-de-dados-cadastrais-no-sau-sistema-academico-da-uems70;educacao-e-pesquisa;Educacao E Pesquisa;Solicitar atualização de dados cadastrais no SAU - Sistema Acadêmico da UEMS;UEMS;Universidade Estadual de Mato Grosso do Sul;Digital;https://www.ms.gov.br/educacao-e-pesquisa/atualizacao-de-dados-cadastrais-no-sau-sistema-academico-da-uems70;14;educacao-e-pesquisa//atualizacao-de-dados-cadastrais-no-sau-sistema-academico-da-uems70
registrar-denuncia58;comunicacao-e-transparencia;Comunicacao E Transparencia;Registrar denúncia;CGP;Coordenadoria Geral de Perícias de Mato Grosso do Sul;Híbrido;https://www.ms.gov.br/comunicacao-e-transparencia/registrar-denuncia58;14;comunicacao-e-transparencia/registrar-denuncia58//index
revisao-de-pensao-previdenciaria120;trabalho-emprego-e-previdencia;Trabalho Emprego E Previdencia;Requerer a revisão de proventos de pensão previdenciária;AGEPREV;Agência de Previdência Social de Mato Grosso do Sul;Presencial;https://www.ms.gov.br/trabalho-emprego-e-previdencia/revisao-de-pensao-previdenciaria120;14;trabalho-emprego-e-previdencia//revisao-de-pensao-previdenciaria120
registrar-reclamacao-solicitacao-sugestao-e-elogio109;comunicacao-e-transparencia;Comunicacao E Transparencia;Registrar reclamação, solicitação, sugestão e elogio;SAD;Secretaria de Estado de Administração de Mato Grosso do Sul;Híbrido;https://www.ms.gov.br/comunicacao-e-transparencia/registrar-reclamacao-solicitacao-sugestao-e-elogio109;14;comunicacao-e-transparencia/registrar-reclamacao-solicitacao-sugestao-e-elogio109
registrar-reclamacao-solicitacao-sugestao-e-elogio147;comunicacao-e-transparencia;Comunicacao E Transparencia;Registrar reclamação, solicitação, sugestão e elogio;SED MS;Secretaria de Estado de Educação de Mato Grosso do Sul;Digital;https://www.ms.gov.br/comunicacao-e-transparencia/registrar-reclamacao-solicitacao-sugestao-e-elogio147;14;comunicacao-e-transparencia/registrar-reclamacao-solicitacao-sugestao-e-elogio147
solicitar-a-conta-nao-entregue-de-agua-e-esgoto118;empresa-industria-e-comercio;Empresa Industria E Comercio;Solicitar a verificação da conta de água e/ou esgoto não entregue;SANESUL;Empresa de Saneamento de Mato Grosso do Sul;Presencial;https://www.ms.gov.br/empresa-industria-e-comercio/solicitar-a-conta-nao-entregue-de-agua-e-esgoto118;14;empresa-industria-e-comercio/solicitar-a-conta-nao-entregue-de-agua-e-esgoto118//imprimir
solicitacao-de-apoio-e-orientacao-as-organizacoes-da-sociedade-civil1;direitos-e-cidadania;Direitos E Cidadania;Solicitar apoio e orientação às organizações da sociedade civil;SEAD;Secretaria de Estado de Assistência Social e Direitos Humanos;Presencial;https://www.ms.gov.br/direitos-e-cidadania/solicitacao-de-apoio-e-orientacao-as-organizacoes-da-sociedade-civil1;14;direitos-e-cidadania//solicitacao-de-apoio-e-orientacao-as-organizacoes-da-sociedade-civil1
central-de-orientacao-a-cidadania-e-gestao-publica181;administracao-publica;Administracao Publica;Central de Orientação à Cidadania e Gestão Pública;SEC;Secretaria de Estado da Cidadania;Presencial;https://www.ms.gov.br/administracao-publica/central-de-orientacao-a-cidadania-e-gestao-publica181;14;administracao-publica/central-de-orientacao-a-cidadania-e-gestao-publica181//index
solicitacao-de-atendimento-relacionado-a-direitos-humanos61;direitos-e-cidadania;Direitos E Cidadania;Solicitar atendimento a pessoas em situação de violação de direitos;SEAD;Secretaria de Estado de Assistência Social e Direitos Humanos;Presencial;https://www.ms.gov.br/direitos-e-cidadania/solicitacao-de-atendimento-relacionado-a-direitos-humanos61;14;direitos-e-cidadania/solicitacao-de-atendimento-relacionado-a-direitos-humanos61
solicitar-de-vistoria-de-sala-de-exame-de-mvh-no-pncebt3;agropecuaria-e-vida-rural;Agropecuaria E Vida Rural;Solicitar vistoria de sala de exame de MVH no PNCEBT;IAGRO;Agência Estadual de Defesa Sanitária Animal Vegetal  Mato Grosso do Sul;Presencial;https://www.ms.gov.br/agropecuaria-e-vida-rural/solicitar-de-vistoria-de-sala-de-exame-de-mvh-no-pncebt3;14;agropecuaria-e-vida-rural/solicitar-de-vistoria-de-sala-de-exame-de-mvh-no-pncebt3//index
178-bom-de-bola-e-bom-na-escola77;seguranca;Seguranca;Participar do projeto bom de bola e bom na escola;PMMS;Polícia Militar de Mato Grosso do Sul;Presencial;https://www.ms.gov.br/seguranca/178-bom-de-bola-e-bom-na-escola77;14;seguranca//178-bom-de-bola-e-bom-na-escola77
solicitar-autorizacao-para-realizacao-de-eventos-com-aglomeracao-de-animais194;agropecuaria-e-vida-rural;Agropecuaria E Vida Rural;Solicitar autorização para eventos com aglomeração de animais;IAGRO;Agência Estadual de Defesa Sanitária Animal Vegetal  Mato Grosso do Sul;Presencial;https://www.ms.gov.br/agropecuaria-e-vida-rural/solicitar-autorizacao-para-realizacao-de-eventos-com-aglomeracao-de-animais194;14;agropecuaria-e-vida-rural//solicitar-autorizacao-para-realizacao-de-eventos-com-aglomeracao-de-animais194
solicitar-alteracao-de-dados-na-carteira-nacional-de-habilitacao-cnh200;transito-e-transportes;Transito E Transportes;Solicitar Alteração de Dados na Carteira Nacional de Habilitação - CNH;DETRAN;Departamento Estadual de Trânsito de Mato Grosso do Sul;Presencial;https://www.ms.gov.br/transito-e-transportes/solicitar-alteracao-de-dados-na-carteira-nacional-de-habilitacao-cnh200;14;transito-e-transportes//solicitar-alteracao-de-dados-na-carteira-nacional-de-habilitacao-cnh200
consultar-relatorio-de-fiscalizacao-em-propriedade-rural123;agropecuaria-e-vida-rural;Agropecuaria E Vida Rural;Consultar relatório de fiscalização em propriedade rural;IAGRO;Agência Estadual de Defesa Sanitária Animal Vegetal  Mato Grosso do Sul;Presencial;https://www.ms.gov.br/agropecuaria-e-vida-rural/consultar-relatorio-de-fiscalizacao-em-propriedade-rural123;14;agropecuaria-e-vida-rural//consultar-relatorio-de-fiscalizacao-em-propriedade-rural123
solicitar-peticionamento-processual-sistema-e-ms136;administracao-publica;Administracao Publica;Solicitar peticionamento processual;JUCEMS;Junta Comercial do Estado de Mato Grosso do Sul;Digital;https://www.ms.gov.br/administracao-publica/solicitar-peticionamento-processual-sistema-e-ms136;13;administracao-publica//solicitar-peticionamento-processual-sistema-e-ms136
registrar-nucleos-comerciais-de-aves-de-producao135;agropecuaria-e-vida-rural;Agropecuaria E Vida Rural;Registrar núcleo avícola comercial;IAGRO;Agência Estadual de Defesa Sanitária Animal Vegetal  Mato Grosso do Sul;Presencial;https://www.ms.gov.br/agropecuaria-e-vida-rural/registrar-nucleos-comerciais-de-aves-de-producao135;13;agropecuaria-e-vida-rural//registrar-nucleos-comerciais-de-aves-de-producao135
veiculos-de-colecao39;transito-e-transportes;Transito E Transportes;Alterar espécie do veículo para coleção - Mesmo proprietário;DETRAN;Departamento Estadual de Trânsito de Mato Grosso do Sul;Presencial;https://www.ms.gov.br/transito-e-transportes/veiculos-de-colecao39;13;transito-e-transportes//veiculos-de-colecao39
solicitar-mudanca-de-categoria-na-carteira-nacional-de-habilitacao-cnh4;transito-e-transportes;Transito E Transportes;Solicitar Mudança de Categoria na Carteira Nacional de Habilitação - CNH;DETRAN;Departamento Estadual de Trânsito de Mato Grosso do Sul;Presencial;https://www.ms.gov.br/transito-e-transportes/solicitar-mudanca-de-categoria-na-carteira-nacional-de-habilitacao-cnh4;13;transito-e-transportes//solicitar-mudanca-de-categoria-na-carteira-nacional-de-habilitacao-cnh4
servico-de-ouvidoria14;saude-e-cuidado;Saude E Cuidado;Solicitar serviço de ouvidoria;SES;Secretaria de Estado de Saúde de Mato Grosso do Sul;Presencial;https://www.ms.gov.br/saude-e-cuidado/servico-de-ouvidoria14;13;saude-e-cuidado//servico-de-ouvidoria14
oferta-da-educacao-de-jovens-e-adultos-aos-privados-de-liberdade119;educacao-e-pesquisa;Educacao E Pesquisa;Solicitar a Educação de Jovens e Adultos aos Privados de liberdade;SED MS;Secretaria de Estado de Educação de Mato Grosso do Sul;Presencial;https://www.ms.gov.br/educacao-e-pesquisa/oferta-da-educacao-de-jovens-e-adultos-aos-privados-de-liberdade119;13;educacao-e-pesquisa/oferta-da-educacao-de-jovens-e-adultos-aos-privados-de-liberdade119//index
buscar-atendimento-guiche-60172;direitos-e-cidadania;Direitos E Cidadania;Buscar atendimento Guichê 60+;DETRAN;Departamento Estadual de Trânsito de Mato Grosso do Sul;Presencial;https://www.ms.gov.br/direitos-e-cidadania/buscar-atendimento-guiche-60172;13;direitos-e-cidadania//buscar-atendimento-guiche-60172
educacao-especial57;educacao-e-pesquisa;Educacao E Pesquisa;Solicitar matrícula de estudantes da educação especial na Rede Estadual de Ensino;SED MS;Secretaria de Estado de Educação de Mato Grosso do Sul;Presencial;https://www.ms.gov.br/educacao-e-pesquisa/educacao-especial57;13;educacao-e-pesquisa//educacao-especial57
recuperacao-de-senha-do-login-uems190;educacao-e-pesquisa;Educacao E Pesquisa;Recuperação de senha do login UEMS;UEMS;Universidade Estadual de Mato Grosso do Sul;Presencial;https://www.ms.gov.br/educacao-e-pesquisa/recuperacao-de-senha-do-login-uems190;12;educacao-e-pesquisa//recuperacao-de-senha-do-login-uems190
delegacia-virtual188;direitos-e-cidadania;Direitos E Cidadania;Acessar delegacia virtual;SETESC;Secretaria de Estado de Turismo, Esporte e Cultura;Híbrido;https://www.ms.gov.br/direitos-e-cidadania/delegacia-virtual188;12;direitos-e-cidadania/delegacia-virtual188
oferta-do-programa-da-escola-civico-militar103;educacao-e-pesquisa;Educacao E Pesquisa;Solicitar o programa das escolas cívico-militares;SED MS;Secretaria de Estado de Educação de Mato Grosso do Sul;Presencial;https://www.ms.gov.br/educacao-e-pesquisa/oferta-do-programa-da-escola-civico-militar103;12;educacao-e-pesquisa//oferta-do-programa-da-escola-civico-militar103
licenca-de-fretamento-continuo-lfc87;transito-e-transportes;Transito E Transportes;Emitir licença de fretamento contínuo de transporte intermunicipal de passageiros;AGEMS;Agência Estadual de Regulação de Serviços Públicos de Mato Grosso do Sul;Presencial;https://www.ms.gov.br/transito-e-transportes/licenca-de-fretamento-continuo-lfc87;12;transito-e-transportes//licenca-de-fretamento-continuo-lfc87
solicitar-certidao-de-regularidade-dominial-de-imovel-rural-em-faixa-de-fronteira174;agropecuaria-e-vida-rural;Agropecuaria E Vida Rural;Solicitar Certidão de Regularidade Dominial de Imóvel Rural em Faixa de Fronteira;AGRAER;Agência de Desenvolvimento Agrário e Extensão Rural de Mato Grosso do Sul;Presencial;https://www.ms.gov.br/agropecuaria-e-vida-rural/solicitar-certidao-de-regularidade-dominial-de-imovel-rural-em-faixa-de-fronteira174;12;agropecuaria-e-vida-rural/solicitar-certidao-de-regularidade-dominial-de-imovel-rural-em-faixa-de-fronteira174//imprimir
pedir-nova-analise-da-pericia-medica-recorrer-de-decisao123;trabalho-emprego-e-previdencia;Trabalho Emprego E Previdencia;Pedir nova análise da Perícia Médica (recorrer de decisão);AGEPREV;Agência de Previdência Social de Mato Grosso do Sul;Presencial;https://www.ms.gov.br/trabalho-emprego-e-previdencia/pedir-nova-analise-da-pericia-medica-recorrer-de-decisao123;12;trabalho-emprego-e-previdencia//pedir-nova-analise-da-pericia-medica-recorrer-de-decisao123
servico-de-promocao-da-igualdade-racial58;direitos-e-cidadania;Direitos E Cidadania;Solicitar serviço de promoção da igualdade racial;SEC;Secretaria de Estado da Cidadania;Presencial;https://www.ms.gov.br/direitos-e-cidadania/servico-de-promocao-da-igualdade-racial58;12;direitos-e-cidadania//servico-de-promocao-da-igualdade-racial58
ouvidoria42;comunicacao-e-transparencia;Comunicacao E Transparencia;Registrar reclamação, solicitação, sugestão e elogio;FUNSAU;Fundação Serviços de Saúde de MS;Digital;https://www.ms.gov.br/comunicacao-e-transparencia/ouvidoria42;12;comunicacao-e-transparencia/ouvidoria42//index
solicitar-visitacao-e-consulta-de-fotografias-filmes-videos-cartazes-discos-de-vinil-e-registros-sonoros-do-acervo-do-museu-da-imagem-e-do-som11;educacao-e-pesquisa;Educacao E Pesquisa;Solicitar visitação e consulta de fotografias, filmes, vídeos, cartazes, discos de vinil e registros sonoros do acervo do MIS- Museu da Imagem e do Som;FCMS;Fundação de Cultura de Mato Grosso do Sul;Presencial;https://www.ms.gov.br/educacao-e-pesquisa/solicitar-visitacao-e-consulta-de-fotografias-filmes-videos-cartazes-discos-de-vinil-e-registros-sonoros-do-acervo-do-museu-da-imagem-e-do-som11;12;educacao-e-pesquisa/solicitar-visitacao-e-consulta-de-fotografias-filmes-videos-cartazes-discos-de-vinil-e-registros-sonoros-do-acervo-do-museu-da-imagem-e-do-som11
solicitar-peticionamento-processual146;administracao-publica;Administracao Publica;Solicitar peticionamento processual;ESCOLAGOV;Fundação Escola de Governo;Presencial;https://www.ms.gov.br/administracao-publica/solicitar-peticionamento-processual146;12;administracao-publica/solicitar-peticionamento-processual146
registrar-denuncia18;comunicacao-e-transparencia;Comunicacao E Transparencia;Registrar denúncia;IMASUL;Instituto de Meio Ambiente de Mato Grosso do Sul;Híbrido;https://www.ms.gov.br/comunicacao-e-transparencia/registrar-denuncia18;12;comunicacao-e-transparencia/registrar-denuncia18
solicitar-peticionamento-processual99;administracao-publica;Administracao Publica;Solicitar peticionamento processual;SED MS;Secretaria de Estado de Educação de Mato Grosso do Sul;Digital;https://www.ms.gov.br/administracao-publica/solicitar-peticionamento-processual99;12;administracao-publica/solicitar-peticionamento-processual99//index
solicitar-reabilitacao-carteira-nacional-de-habilitacaocnh-condutor97;transito-e-transportes;Transito E Transportes;Solicitar Reabilitação - Carteira Nacional de Habilitação/CNH (condutor);DETRAN;Departamento Estadual de Trânsito de Mato Grosso do Sul;Presencial;https://www.ms.gov.br/transito-e-transportes/solicitar-reabilitacao-carteira-nacional-de-habilitacaocnh-condutor97;12;transito-e-transportes//solicitar-reabilitacao-carteira-nacional-de-habilitacaocnh-condutor97
solicitar-peticionamento-processual-sistema-e-ms142;administracao-publica;Administracao Publica;Solicitar peticionamento processual;CGE MS;Controladoria Geral do Estado de Mato Grosso do Sul;Digital;https://www.ms.gov.br/administracao-publica/solicitar-peticionamento-processual-sistema-e-ms142;12;administracao-publica//solicitar-peticionamento-processual-sistema-e-ms142
agencia-virtual22;energia;Energia;Acessar agência virtual;MSGÁS;Companhia de Gás do Estado de Mato Grosso do Sul;Presencial;https://www.ms.gov.br/energia/agencia-virtual22;12;energia//agencia-virtual22
edicao-e-publicacao-de-edital-de-chamamento-publico-para-eventos-geradores-de-fluxo-turistico28;turismo;Turismo;Consultar edição e publicação de edital de chamamento público para eventos geradores de fluxo turístico;FUNDTUR;Fundação de Turismo de Mato Grosso do Sul;Presencial;https://www.ms.gov.br/turismo/edicao-e-publicacao-de-edital-de-chamamento-publico-para-eventos-geradores-de-fluxo-turistico28;11;turismo/edicao-e-publicacao-de-edital-de-chamamento-publico-para-eventos-geradores-de-fluxo-turistico28
avaliacao-pericial-fora-do-local-de-lotacao-ou-de-exercicio-pericia-em-transitosolicitar-avaliacao-pericial-fora-do-local-de-lotacao-ou-de-exercicio-pericia-em-transito46;trabalho-emprego-e-previdencia;Trabalho Emprego E Previdencia;Solicitar a avaliação pericial fora do local de lotação ou de exercício (perícia em trânsito);AGEPREV;Agência de Previdência Social de Mato Grosso do Sul;Presencial;https://www.ms.gov.br/trabalho-emprego-e-previdencia/avaliacao-pericial-fora-do-local-de-lotacao-ou-de-exercicio-pericia-em-transitosolicitar-avaliacao-pericial-fora-do-local-de-lotacao-ou-de-exercicio-pericia-em-transito46;11;trabalho-emprego-e-previdencia//avaliacao-pericial-fora-do-local-de-lotacao-ou-de-exercicio-pericia-em-transitosolicitar-avaliacao-pericial-fora-do-local-de-lotacao-ou-de-exercicio-pericia-em-transito46
pedido-de-emprestimo-de-exemplar146;educacao-e-pesquisa;Educacao E Pesquisa;Pedido de empréstimo de exemplar;UEMS;Universidade Estadual de Mato Grosso do Sul;Digital;https://www.ms.gov.br/educacao-e-pesquisa/pedido-de-emprestimo-de-exemplar146;11;educacao-e-pesquisa//pedido-de-emprestimo-de-exemplar146
solicitar-cadastro-para-prestacao-de-assistencia-religiosa21;assistencia-social;Assistencia Social;Solicitar autorização para prestação de assistência religiosa;AGEPEN;Agência Estadual de Administração do Sistema Penitenciário;Presencial;https://www.ms.gov.br/assistencia-social/solicitar-cadastro-para-prestacao-de-assistencia-religiosa21;11;assistencia-social//solicitar-cadastro-para-prestacao-de-assistencia-religiosa21
eventos-promocionais-do-turismo60;turismo;Turismo;Solicitar participação em eventos promocionais do turismo;FUNDTUR;Fundação de Turismo de Mato Grosso do Sul;Presencial;https://www.ms.gov.br/turismo/eventos-promocionais-do-turismo60;11;turismo/eventos-promocionais-do-turismo60//index
descentalizar-o-licenciamento-ambiental170;meio-ambiente;Meio Ambiente;Descentralizar o licenciamento ambiental;IMASUL;Instituto de Meio Ambiente de Mato Grosso do Sul;Presencial;https://www.ms.gov.br/meio-ambiente/descentalizar-o-licenciamento-ambiental170;11;meio-ambiente//descentalizar-o-licenciamento-ambiental170
registrar-denuncia100;comunicacao-e-transparencia;Comunicacao E Transparencia;Registrar denúncia;AGRAER;Agência de Desenvolvimento Agrário e Extensão Rural de Mato Grosso do Sul;Digital;https://www.ms.gov.br/comunicacao-e-transparencia/registrar-denuncia100;11;comunicacao-e-transparencia//registrar-denuncia100
carta-de-anuencia134;infraestrutura;Infraestrutura;Solicitar emissão da autorização para a utilização/uso e/ou ocupação das faixas de domínios;AGESUL;Agência Estadual de Gestão de Empreendimentos de Mato Grosso do Sul;Presencial;https://www.ms.gov.br/infraestrutura/carta-de-anuencia134;10;infraestrutura//carta-de-anuencia134
exposicao-e-comercializacao-de-pecas-artesanais-de-ms143;educacao-e-pesquisa;Educacao E Pesquisa;Solicitar liberação para exposição e comercialização de peças artesanais de MS;FCMS;Fundação de Cultura de Mato Grosso do Sul;Presencial;https://www.ms.gov.br/educacao-e-pesquisa/exposicao-e-comercializacao-de-pecas-artesanais-de-ms143;10;educacao-e-pesquisa/exposicao-e-comercializacao-de-pecas-artesanais-de-ms143//index
reemitir-ou-substituir-daems-vencida20;agropecuaria-e-vida-rural;Agropecuaria E Vida Rural;Reemitir ou substituir DAEMS vencida;IAGRO;Agência Estadual de Defesa Sanitária Animal Vegetal  Mato Grosso do Sul;Presencial;https://www.ms.gov.br/agropecuaria-e-vida-rural/reemitir-ou-substituir-daems-vencida20;10;agropecuaria-e-vida-rural//reemitir-ou-substituir-daems-vencida20
registrar-denuncia32;comunicacao-e-transparencia;Comunicacao E Transparencia;Registrar denúncia;CBMMS;Corpo de Bombeiros Militar;Híbrido;https://www.ms.gov.br/comunicacao-e-transparencia/registrar-denuncia32;10;comunicacao-e-transparencia//registrar-denuncia32
solicitar-reabilitacao-permissao-para-dirigirppd-permissionado64;transito-e-transportes;Transito E Transportes;Solicitar Reabilitação - Permissão para Dirigir/PpD (permissionado);DETRAN;Departamento Estadual de Trânsito de Mato Grosso do Sul;Presencial;https://www.ms.gov.br/transito-e-transportes/solicitar-reabilitacao-permissao-para-dirigirppd-permissionado64;10;transito-e-transportes//solicitar-reabilitacao-permissao-para-dirigirppd-permissionado64
registrar-reclamacao-solicitacao-sugestao-e-elogio55;comunicacao-e-transparencia;Comunicacao E Transparencia;Registrar reclamação, solicitação, sugestão e elogio;DETRAN;Departamento Estadual de Trânsito de Mato Grosso do Sul;Digital;https://www.ms.gov.br/comunicacao-e-transparencia/registrar-reclamacao-solicitacao-sugestao-e-elogio55;10;comunicacao-e-transparencia//registrar-reclamacao-solicitacao-sugestao-e-elogio55
permissao-para-a-utilizacao-eou-ocupacao-das-faixas-de-dominio152;transito-e-transportes;Transito E Transportes;Permissão para a Utilização e/ou Ocupação das Faixas de Domínio;AGESUL;Agência Estadual de Gestão de Empreendimentos de Mato Grosso do Sul;Digital;https://www.ms.gov.br/transito-e-transportes/permissao-para-a-utilizacao-eou-ocupacao-das-faixas-de-dominio152;10;transito-e-transportes//permissao-para-a-utilizacao-eou-ocupacao-das-faixas-de-dominio152
solicitacao-de-baixa-definitiva-de-cadastro-de-veiculo55;transito-e-transportes;Transito E Transportes;Solicitar baixa definitiva do veículo;DETRAN;Departamento Estadual de Trânsito de Mato Grosso do Sul;Presencial;https://www.ms.gov.br/transito-e-transportes/solicitacao-de-baixa-definitiva-de-cadastro-de-veiculo55;10;transito-e-transportes/solicitacao-de-baixa-definitiva-de-cadastro-de-veiculo55
pedido-de-emprestimo-domiciliar-de-exemplar46;educacao-e-pesquisa;Educacao E Pesquisa;Pedido de empréstimo domiciliar de exemplar;UEMS;Universidade Estadual de Mato Grosso do Sul;Presencial;https://www.ms.gov.br/educacao-e-pesquisa/pedido-de-emprestimo-domiciliar-de-exemplar46;10;educacao-e-pesquisa//pedido-de-emprestimo-domiciliar-de-exemplar46
pedido-de-acesso-a-informacao38;comunicacao-e-transparencia;Comunicacao E Transparencia;Fazer pedido de acesso à informação;IMASUL;Instituto de Meio Ambiente de Mato Grosso do Sul;Digital;https://www.ms.gov.br/comunicacao-e-transparencia/pedido-de-acesso-a-informacao38;10;comunicacao-e-transparencia//pedido-de-acesso-a-informacao38
solicitar-declaracao-de-inexistencia-de-projeto-de-assentamento78;agropecuaria-e-vida-rural;Agropecuaria E Vida Rural;Solicitar declaração de inexistência de projeto de assentamento;AGRAER;Agência de Desenvolvimento Agrário e Extensão Rural de Mato Grosso do Sul;Presencial;https://www.ms.gov.br/agropecuaria-e-vida-rural/solicitar-declaracao-de-inexistencia-de-projeto-de-assentamento78;10;agropecuaria-e-vida-rural//solicitar-declaracao-de-inexistencia-de-projeto-de-assentamento78
solicitar-pedido-de-vista-e-copia190;administracao-publica;Administracao Publica;Solicitar pedido de vista e cópia;SED MS;Secretaria de Estado de Educação de Mato Grosso do Sul;Digital;https://www.ms.gov.br/administracao-publica/solicitar-pedido-de-vista-e-copia190;9;administracao-publica//solicitar-pedido-de-vista-e-copia190
solicitar-producao-e-adaptacao-de-materiais-didaticos-em-libras-cas164;educacao-e-pesquisa;Educacao E Pesquisa;Solicitar produção e adaptação de materiais didáticos em Libras;SED MS;Secretaria de Estado de Educação de Mato Grosso do Sul;Presencial;https://www.ms.gov.br/educacao-e-pesquisa/solicitar-producao-e-adaptacao-de-materiais-didaticos-em-libras-cas164;9;educacao-e-pesquisa//solicitar-producao-e-adaptacao-de-materiais-didaticos-em-libras-cas164
atendimento-ao-egresso133;direitos-e-cidadania;Direitos E Cidadania;Solicitar atendimento para reinserção social do egresso;AGEPEN;Agência Estadual de Administração do Sistema Penitenciário;Presencial;https://www.ms.gov.br/direitos-e-cidadania/atendimento-ao-egresso133;9;direitos-e-cidadania/atendimento-ao-egresso133
qertqertqe67;agropecuaria-e-vida-rural;Agropecuaria E Vida Rural;Solicitar viabilização e aquisição de terra através do programa nacional de crédito fundiário;AGRAER;Agência de Desenvolvimento Agrário e Extensão Rural de Mato Grosso do Sul;Presencial;https://www.ms.gov.br/agropecuaria-e-vida-rural/qertqertqe67;9;agropecuaria-e-vida-rural//qertqertqe67
solicitar-credenciamento-eou-renovacao-de-credenciamento-de-laboratorio120;meio-ambiente;Meio Ambiente;Solicitar credenciamento e/ou renovação de credenciamento de laboratório;IMASUL;Instituto de Meio Ambiente de Mato Grosso do Sul;Presencial;https://www.ms.gov.br/meio-ambiente/solicitar-credenciamento-eou-renovacao-de-credenciamento-de-laboratorio120;9;meio-ambiente/solicitar-credenciamento-eou-renovacao-de-credenciamento-de-laboratorio120
174-cematran-centro-educativo-de-multiplas-atividades-de-transito190;seguranca;Seguranca;Participar do projeto social no trânsito. centro educativo de múltiplas atividades de trânsito (CEMATRAN );PMMS;Polícia Militar de Mato Grosso do Sul;Presencial;https://www.ms.gov.br/seguranca/174-cematran-centro-educativo-de-multiplas-atividades-de-transito190;9;seguranca/174-cematran-centro-educativo-de-multiplas-atividades-de-transito190
solicitar-atendimento-pelo-centro-de-referencia-em-direitos-humanos-de-prevencao-e-combate-a-homofobia-centrho132;direitos-e-cidadania;Direitos E Cidadania;Solicitar atendimento no centro estadual de cidadania LGBT+ - CECLGBT+;SEC;Secretaria de Estado da Cidadania;Presencial;https://www.ms.gov.br/direitos-e-cidadania/solicitar-atendimento-pelo-centro-de-referencia-em-direitos-humanos-de-prevencao-e-combate-a-homofobia-centrho132;9;direitos-e-cidadania//solicitar-atendimento-pelo-centro-de-referencia-em-direitos-humanos-de-prevencao-e-combate-a-homofobia-centrho132
servico-de-protocolo-recebimento-registro-envio-e-arquivamento-de-documentos-ou-processos-administrativos-e-previdenciarios17;trabalho-emprego-e-previdencia;Trabalho Emprego E Previdencia;Registrar a entrega de solicitações, acompanhadas ou não de documentos e de processos no setor de protocolo registro e arquivo;AGEPREV;Agência de Previdência Social de Mato Grosso do Sul;Presencial;https://www.ms.gov.br/trabalho-emprego-e-previdencia/servico-de-protocolo-recebimento-registro-envio-e-arquivamento-de-documentos-ou-processos-administrativos-e-previdenciarios17;9;trabalho-emprego-e-previdencia//servico-de-protocolo-recebimento-registro-envio-e-arquivamento-de-documentos-ou-processos-administrativos-e-previdenciarios17
pedido-de-renovacao-de-emprestimo-de-livro36;educacao-e-pesquisa;Educacao E Pesquisa;Solicitar pedido de renovação de empréstimo de livro;UEMS;Universidade Estadual de Mato Grosso do Sul;Presencial;https://www.ms.gov.br/educacao-e-pesquisa/pedido-de-renovacao-de-emprestimo-de-livro36;9;educacao-e-pesquisa//pedido-de-renovacao-de-emprestimo-de-livro36
consultar-relatorio-de-fiscalizacao-em-comercio-de-agrotoxico99;agropecuaria-e-vida-rural;Agropecuaria E Vida Rural;Consultar relatório de fiscalização em comércio de agrotóxico;IAGRO;Agência Estadual de Defesa Sanitária Animal Vegetal  Mato Grosso do Sul;Presencial;https://www.ms.gov.br/agropecuaria-e-vida-rural/consultar-relatorio-de-fiscalizacao-em-comercio-de-agrotoxico99;9;agropecuaria-e-vida-rural//consultar-relatorio-de-fiscalizacao-em-comercio-de-agrotoxico99
orientacao-para-retificacao-do-nome-no-registro-civil39;assistencia-social;Assistencia Social;Solicitar orientação para retificação do nome no registro civil;SEC;Secretaria de Estado da Cidadania;Presencial;https://www.ms.gov.br/assistencia-social/orientacao-para-retificacao-do-nome-no-registro-civil39;9;assistencia-social//orientacao-para-retificacao-do-nome-no-registro-civil39
solicitar-conserto-de-rede166;empresa-industria-e-comercio;Empresa Industria E Comercio;Solicitar conserto de rede;SANESUL;Empresa de Saneamento de Mato Grosso do Sul;Presencial;https://www.ms.gov.br/empresa-industria-e-comercio/solicitar-conserto-de-rede166;8;empresa-industria-e-comercio//solicitar-conserto-de-rede166
171-proerd-programa-educacional-de-resistencia-as-drogas-e-a-violencia72;seguranca;Seguranca;Participar do programa educacional de resistência às drogas e à violência (PROERD);PMMS;Polícia Militar de Mato Grosso do Sul;Presencial;https://www.ms.gov.br/seguranca/171-proerd-programa-educacional-de-resistencia-as-drogas-e-a-violencia72;8;seguranca/171-proerd-programa-educacional-de-resistencia-as-drogas-e-a-violencia72
pedido-de-acesso-a-informacao32;comunicacao-e-transparencia;Comunicacao E Transparencia;Fazer pedido de acesso à informação;SETESC;Secretaria de Estado de Turismo, Esporte e Cultura;Digital;https://www.ms.gov.br/comunicacao-e-transparencia/pedido-de-acesso-a-informacao32;8;comunicacao-e-transparencia/pedido-de-acesso-a-informacao32
icms-st-homologacao-de-credito-por-venda-de-combustivel-ao-estado-do-mato-grosso-do-sul20;empresa-industria-e-comercio;Empresa Industria E Comercio;ICMS ST - homologação de crédito por venda de combustível ao estado do Mato Grosso do Sul;SEFAZ MS;Secretaria de Estado de Fazenda de Mato Grosso do Sul;Presencial;https://www.ms.gov.br/empresa-industria-e-comercio/icms-st-homologacao-de-credito-por-venda-de-combustivel-ao-estado-do-mato-grosso-do-sul20;8;empresa-industria-e-comercio/icms-st-homologacao-de-credito-por-venda-de-combustivel-ao-estado-do-mato-grosso-do-sul20
servico-de-protocolo-integrado147;educacao-e-pesquisa;Educacao E Pesquisa;Serviço de protocolo integrado;UEMS;Universidade Estadual de Mato Grosso do Sul;Digital;https://www.ms.gov.br/educacao-e-pesquisa/servico-de-protocolo-integrado147;8;educacao-e-pesquisa//servico-de-protocolo-integrado147
179-ronda-escolar-escola-segura-familia-forte51;seguranca;Seguranca;Solicitar ronda escolar – escola segura e família forte;PMMS;Polícia Militar de Mato Grosso do Sul;Presencial;https://www.ms.gov.br/seguranca/179-ronda-escolar-escola-segura-familia-forte51;8;seguranca/179-ronda-escolar-escola-segura-familia-forte51
requerer-a-reducao-da-contribuicao-previdenciaria195;trabalho-emprego-e-previdencia;Trabalho Emprego E Previdencia;Requerer a redução da contribuição previdenciária;AGEPREV;Agência de Previdência Social de Mato Grosso do Sul;Presencial;https://www.ms.gov.br/trabalho-emprego-e-previdencia/requerer-a-reducao-da-contribuicao-previdenciaria195;8;trabalho-emprego-e-previdencia/requerer-a-reducao-da-contribuicao-previdenciaria195//imprimir
analise-e-ensaio-de-cronotacografos160;administracao-publica;Administracao Publica;Solicitar análise e ensaio de cronotacógrafo;AEM;Agência Estadual de Metrologia de Mato Grosso do Sul;Presencial;https://www.ms.gov.br/administracao-publica/analise-e-ensaio-de-cronotacografos160;8;administracao-publica/analise-e-ensaio-de-cronotacografos160//index
registro-de-estabelecimento-no-servico-de-inspecao-estadual-sie28;empresa-industria-e-comercio;Empresa Industria E Comercio;Registrar estabelecimento no serviço de inspeção estadual (SIE);IAGRO;Agência Estadual de Defesa Sanitária Animal Vegetal  Mato Grosso do Sul;Presencial;https://www.ms.gov.br/empresa-industria-e-comercio/registro-de-estabelecimento-no-servico-de-inspecao-estadual-sie28;8;empresa-industria-e-comercio//registro-de-estabelecimento-no-servico-de-inspecao-estadual-sie28
consultar-vacinas-e-antigenos-nas-lojas-agropecuarias50;agropecuaria-e-vida-rural;Agropecuaria E Vida Rural;Consultar vacinas e antígenos nas lojas agropecuárias;IAGRO;Agência Estadual de Defesa Sanitária Animal Vegetal  Mato Grosso do Sul;Presencial;https://www.ms.gov.br/agropecuaria-e-vida-rural/consultar-vacinas-e-antigenos-nas-lojas-agropecuarias50;8;agropecuaria-e-vida-rural//consultar-vacinas-e-antigenos-nas-lojas-agropecuarias50
programa-ms-desporto-escolar-prodesc-treinamento-desportivo132;esporte-e-lazer;Esporte E Lazer;Participar dos projetos do programa MS desporto escolar  PRODESC – treinamento desportivo;SED MS;Secretaria de Estado de Educação de Mato Grosso do Sul;Presencial;https://www.ms.gov.br/esporte-e-lazer/programa-ms-desporto-escolar-prodesc-treinamento-desportivo132;8;esporte-e-lazer//programa-ms-desporto-escolar-prodesc-treinamento-desportivo132
assinar-acordo-de-cooperacao-tecnica-sobre-arborizacao-urbana-e-rede-de-energia67;energia;Energia;Assinar Acordo de Cooperação Técnica sobre arborização urbana e rede de energia;AGEMS;Agência Estadual de Regulação de Serviços Públicos de Mato Grosso do Sul;Presencial;https://www.ms.gov.br/energia/assinar-acordo-de-cooperacao-tecnica-sobre-arborizacao-urbana-e-rede-de-energia67;8;energia//assinar-acordo-de-cooperacao-tecnica-sobre-arborizacao-urbana-e-rede-de-energia67
icms-importacao-inclusao-de-item-na-listagem-de-materia-primamercadoria-para-fins-de-diferimento-do-imposto-beneficio-previsto-em-termo-de-acordo68;empresa-industria-e-comercio;Empresa Industria E Comercio;ICMS Importação - inclusão de item na listagem de matéria-prima/mercadoria para fins de diferimento do imposto - benefício previsto em Termo de Acordo;SEFAZ MS;Secretaria de Estado de Fazenda de Mato Grosso do Sul;Presencial;https://www.ms.gov.br/empresa-industria-e-comercio/icms-importacao-inclusao-de-item-na-listagem-de-materia-primamercadoria-para-fins-de-diferimento-do-imposto-beneficio-previsto-em-termo-de-acordo68;8;empresa-industria-e-comercio/icms-importacao-inclusao-de-item-na-listagem-de-materia-primamercadoria-para-fins-de-diferimento-do-imposto-beneficio-previsto-em-termo-de-acordo68
consulta-de-livros-e-catalogos-de-artes-visuais-da-biblioteca-do-marco76;educacao-e-pesquisa;Educacao E Pesquisa;Solicitar consulta de livros e catálogos de artes visuais da biblioteca do MARCO - Museu de Arte Contemporânea.;FCMS;Fundação de Cultura de Mato Grosso do Sul;Presencial;https://www.ms.gov.br/educacao-e-pesquisa/consulta-de-livros-e-catalogos-de-artes-visuais-da-biblioteca-do-marco76;8;educacao-e-pesquisa/consulta-de-livros-e-catalogos-de-artes-visuais-da-biblioteca-do-marco76
cadastrar-responsavel-tecnico-de-revenda-de-produtos-veterinarios32;agropecuaria-e-vida-rural;Agropecuaria E Vida Rural;Cadastrar responsável técnico de revenda de produtos veterinários;IAGRO;Agência Estadual de Defesa Sanitária Animal Vegetal  Mato Grosso do Sul;Presencial;https://www.ms.gov.br/agropecuaria-e-vida-rural/cadastrar-responsavel-tecnico-de-revenda-de-produtos-veterinarios32;7;agropecuaria-e-vida-rural//cadastrar-responsavel-tecnico-de-revenda-de-produtos-veterinarios32
solicitar-analise-de-sobreposicao-de-imoveis-rurais-com-unidades-de-conservacao-para-anuencia-de-concessao-de-credito-rural-e-certificacao58;meio-ambiente;Meio Ambiente;Solicitar análise de sobreposição de imóveis rurais com unidades de conservação para anuência de concessão de crédito rural e certificação;IMASUL;Instituto de Meio Ambiente de Mato Grosso do Sul;Presencial;https://www.ms.gov.br/meio-ambiente/solicitar-analise-de-sobreposicao-de-imoveis-rurais-com-unidades-de-conservacao-para-anuencia-de-concessao-de-credito-rural-e-certificacao58;7;meio-ambiente/solicitar-analise-de-sobreposicao-de-imoveis-rurais-com-unidades-de-conservacao-para-anuencia-de-concessao-de-credito-rural-e-certificacao58
solicitar-avaliacao-pericial-por-motivo-de-doenca-em-pessoa-da-familia190;trabalho-emprego-e-previdencia;Trabalho Emprego E Previdencia;Solicitar a avaliação pericial por motivo de doença em pessoa da família;AGEPREV;Agência de Previdência Social de Mato Grosso do Sul;Presencial;https://www.ms.gov.br/trabalho-emprego-e-previdencia/solicitar-avaliacao-pericial-por-motivo-de-doenca-em-pessoa-da-familia190;7;trabalho-emprego-e-previdencia//solicitar-avaliacao-pericial-por-motivo-de-doenca-em-pessoa-da-familia190
04-patrulha-rural-protecao-de-vidas-no-campo91;seguranca;Seguranca;Policiamento Rural – Guardião da vida, do Progresso e da Segurança no Campo;PMMS;Polícia Militar de Mato Grosso do Sul;Híbrido;https://www.ms.gov.br/seguranca/04-patrulha-rural-protecao-de-vidas-no-campo91;7;seguranca//04-patrulha-rural-protecao-de-vidas-no-campo91
cidade-escola-de-transito-detranzinho113;transito-e-transportes;Transito E Transportes;Solicitar inscrição no Programa Cidade Escola de Trânsito - Detranzinho;DETRAN;Departamento Estadual de Trânsito de Mato Grosso do Sul;Presencial;https://www.ms.gov.br/transito-e-transportes/cidade-escola-de-transito-detranzinho113;7;transito-e-transportes//cidade-escola-de-transito-detranzinho113
baixar-o-registro-de-estabelecimento-comercial-e-prestador-de-servico-de-agrotoxico141;agropecuaria-e-vida-rural;Agropecuaria E Vida Rural;Cancelar o registro de estabelecimento comercial e prestador de serviço de agrotóxico;IAGRO;Agência Estadual de Defesa Sanitária Animal Vegetal  Mato Grosso do Sul;Presencial;https://www.ms.gov.br/agropecuaria-e-vida-rural/baixar-o-registro-de-estabelecimento-comercial-e-prestador-de-servico-de-agrotoxico141;7;agropecuaria-e-vida-rural//baixar-o-registro-de-estabelecimento-comercial-e-prestador-de-servico-de-agrotoxico141
solicitar-pedido-de-vista-e-copia-sistema-e-ms39;administracao-publica;Administracao Publica;Solicitar pedido de vista e cópia;IAGRO;Agência Estadual de Defesa Sanitária Animal Vegetal  Mato Grosso do Sul;Digital;https://www.ms.gov.br/administracao-publica/solicitar-pedido-de-vista-e-copia-sistema-e-ms39;7;administracao-publica//solicitar-pedido-de-vista-e-copia-sistema-e-ms39
registar-reclamacao-solicitacao-sugestao-e-elogio129;comunicacao-e-transparencia;Comunicacao E Transparencia;Registrar reclamação, solicitação, sugestão e elogio;FCMS;Fundação de Cultura de Mato Grosso do Sul;Híbrido;https://www.ms.gov.br/comunicacao-e-transparencia/registar-reclamacao-solicitacao-sugestao-e-elogio129;7;comunicacao-e-transparencia//registar-reclamacao-solicitacao-sugestao-e-elogio129
requerer-habilitacao-de-colheita-em-unidade-de-producao-de-citros186;agropecuaria-e-vida-rural;Agropecuaria E Vida Rural;Requerer Habilitação de Colheita em Unidade de Produção de Citros;IAGRO;Agência Estadual de Defesa Sanitária Animal Vegetal  Mato Grosso do Sul;Presencial;https://www.ms.gov.br/agropecuaria-e-vida-rural/requerer-habilitacao-de-colheita-em-unidade-de-producao-de-citros186;7;agropecuaria-e-vida-rural//requerer-habilitacao-de-colheita-em-unidade-de-producao-de-citros186
consultar-informacoes-oficias30;agropecuaria-e-vida-rural;Agropecuaria E Vida Rural;Consultar informações oficiais;IAGRO;Agência Estadual de Defesa Sanitária Animal Vegetal  Mato Grosso do Sul;Presencial;https://www.ms.gov.br/agropecuaria-e-vida-rural/consultar-informacoes-oficias30;7;agropecuaria-e-vida-rural//consultar-informacoes-oficias30
orientacao-tecnica-para-o-desenvolvimento-do-setor-de-turismo-em-mato-grosso-do-sul157;turismo;Turismo;Solicitar orientação técnica para o desenvolvimento do setor de turismo em Mato Grosso do Sul;FUNDTUR;Fundação de Turismo de Mato Grosso do Sul;Presencial;https://www.ms.gov.br/turismo/orientacao-tecnica-para-o-desenvolvimento-do-setor-de-turismo-em-mato-grosso-do-sul157;7;turismo/orientacao-tecnica-para-o-desenvolvimento-do-setor-de-turismo-em-mato-grosso-do-sul157
solicitar-pedido-de-vista-e-copia76;administracao-publica;Administracao Publica;Solicitar pedido de vista e cópia;SEC;Secretaria de Estado da Cidadania;Presencial;https://www.ms.gov.br/administracao-publica/solicitar-pedido-de-vista-e-copia76;7;administracao-publica//solicitar-pedido-de-vista-e-copia76
2a-via-de-certificado-de-conclusao-de-curso97;educacao-e-pesquisa;Educacao E Pesquisa;2ª via de certificado de conclusão de curso;UEMS;Universidade Estadual de Mato Grosso do Sul;Híbrido;https://www.ms.gov.br/educacao-e-pesquisa/2a-via-de-certificado-de-conclusao-de-curso97;7;educacao-e-pesquisa//2a-via-de-certificado-de-conclusao-de-curso97
programa-detran-vai-a-escola9;transito-e-transportes;Transito E Transportes;Solicitar programa Detran vai à escola;DETRAN;Departamento Estadual de Trânsito de Mato Grosso do Sul;Presencial;https://www.ms.gov.br/transito-e-transportes/programa-detran-vai-a-escola9;6;transito-e-transportes//programa-detran-vai-a-escola9
residencias-inclusivas-regionalizadas-para-adultos-com-deficiencia68;assistencia-social;Assistencia Social;Solicitar atendimento em residências inclusivas regionalizadas para adultos com deficiência;SEAD;Secretaria de Estado de Assistência Social e Direitos Humanos;Presencial;https://www.ms.gov.br/assistencia-social/residencias-inclusivas-regionalizadas-para-adultos-com-deficiencia68;6;assistencia-social//residencias-inclusivas-regionalizadas-para-adultos-com-deficiencia68
credenciamento-e-recredenciamento-autorizacao-reconhecimento-e-renovacao-de-reconhecimento-de-curso-da-educacao-superior128;educacao-e-pesquisa;Educacao E Pesquisa;Solicitar credenciamento e recredenciamento, autorização, reconhecimento e renovação de reconhecimento de Curso da Educação Superior;SED MS;Secretaria de Estado de Educação de Mato Grosso do Sul;Presencial;https://www.ms.gov.br/educacao-e-pesquisa/credenciamento-e-recredenciamento-autorizacao-reconhecimento-e-renovacao-de-reconhecimento-de-curso-da-educacao-superior128;6;educacao-e-pesquisa//credenciamento-e-recredenciamento-autorizacao-reconhecimento-e-renovacao-de-reconhecimento-de-curso-da-educacao-superior128
registro-de-produtos-no-sie4;empresa-industria-e-comercio;Empresa Industria E Comercio;Registrar produtos de origem animal junto ao Serviço de Inspeção Estadual (SIE);IAGRO;Agência Estadual de Defesa Sanitária Animal Vegetal  Mato Grosso do Sul;Presencial;https://www.ms.gov.br/empresa-industria-e-comercio/registro-de-produtos-no-sie4;6;empresa-industria-e-comercio//registro-de-produtos-no-sie4
denuncia16;seguranca;Seguranca;Registrar denúncia;SEJUSP;Secretaria de Estado de Justiça e Segurança Pública de Mato Grosso do Sul;Digital;https://www.ms.gov.br/seguranca/denuncia16;6;seguranca/denuncia16
registar-reclamacao-solicitacao-sugestao-e-elogio77;comunicacao-e-transparencia;Comunicacao E Transparencia;Registrar reclamação, solicitação, sugestão e elogio;SETESC;Secretaria de Estado de Turismo, Esporte e Cultura;Presencial;https://www.ms.gov.br/comunicacao-e-transparencia/registar-reclamacao-solicitacao-sugestao-e-elogio77;6;comunicacao-e-transparencia/registar-reclamacao-solicitacao-sugestao-e-elogio77
registrar-denuncia127;comunicacao-e-transparencia;Comunicacao E Transparencia;Registrar denúncia;UEMS;Universidade Estadual de Mato Grosso do Sul;Híbrido;https://www.ms.gov.br/comunicacao-e-transparencia/registrar-denuncia127;6;comunicacao-e-transparencia/registrar-denuncia127
programa-trainee-de-gestao-publica68;educacao-e-pesquisa;Educacao E Pesquisa;Participar do programa de trainee de Gestão Pública - TGP;SEGOV MS;Secretaria de Estado de Governo e Gestão Estratégica de Mato Grosso do Sul;Híbrido;https://www.ms.gov.br/educacao-e-pesquisa/programa-trainee-de-gestao-publica68;6;educacao-e-pesquisa//programa-trainee-de-gestao-publica68
solicitar-peticionamento-processual25;administracao-publica;Administracao Publica;Solicitar peticionamento processual;SEAD;Secretaria de Estado de Assistência Social e Direitos Humanos;Digital;https://www.ms.gov.br/administracao-publica/solicitar-peticionamento-processual25;6;administracao-publica/solicitar-peticionamento-processual25
solicitar-peticionamento-processual86;administracao-publica;Administracao Publica;Solicitar peticionamento processual;AGEHAB;Agência de Habitação Popular de Mato Grosso do Sul;Digital;https://www.ms.gov.br/administracao-publica/solicitar-peticionamento-processual86;6;administracao-publica/solicitar-peticionamento-processual86
solicitar-consulta-e-emprestimo-de-publicacoes-periodicos-livros-e-obras-raras-do-acervo-da-biblioteca-estadual14;educacao-e-pesquisa;Educacao E Pesquisa;Solicitar consulta e empréstimo de publicações, periódicos, livros e obras raras do acervo da biblioteca estadual;FCMS;Fundação de Cultura de Mato Grosso do Sul;Presencial;https://www.ms.gov.br/educacao-e-pesquisa/solicitar-consulta-e-emprestimo-de-publicacoes-periodicos-livros-e-obras-raras-do-acervo-da-biblioteca-estadual14;6;educacao-e-pesquisa/solicitar-consulta-e-emprestimo-de-publicacoes-periodicos-livros-e-obras-raras-do-acervo-da-biblioteca-estadual14
pedido-de-acesso-a-informacao139;comunicacao-e-transparencia;Comunicacao E Transparencia;Fazer pedido de acesso à informação;CBMMS;Corpo de Bombeiros Militar;Digital;https://www.ms.gov.br/comunicacao-e-transparencia/pedido-de-acesso-a-informacao139;6;comunicacao-e-transparencia//pedido-de-acesso-a-informacao139
exame-de-audiometria185;educacao-e-pesquisa;Educacao E Pesquisa;Realizar exame de audiometria;SED MS;Secretaria de Estado de Educação de Mato Grosso do Sul;Presencial;https://www.ms.gov.br/educacao-e-pesquisa/exame-de-audiometria185;6;educacao-e-pesquisa//exame-de-audiometria185
solicitar-pedido-de-vista-e-copia82;administracao-publica;Administracao Publica;Solicitar pedido de vista e cópia;SAD;Secretaria de Estado de Administração de Mato Grosso do Sul;Digital;https://www.ms.gov.br/administracao-publica/solicitar-pedido-de-vista-e-copia82;6;administracao-publica//solicitar-pedido-de-vista-e-copia82
atendimento-ao-empregador157;trabalho-emprego-e-previdencia;Trabalho Emprego E Previdencia;Reservar sala para atender candidatos;FUNTRAB;Fundação de Trabalho de Mato Grosso do Sul;Presencial;https://www.ms.gov.br/trabalho-emprego-e-previdencia/atendimento-ao-empregador157;6;trabalho-emprego-e-previdencia/atendimento-ao-empregador157
solicitar-pedido-de-vista-e-copia-sistema-e-ms135;administracao-publica;Administracao Publica;Solicitar pedido de vista e cópia;AGEPREV;Agência de Previdência Social de Mato Grosso do Sul;Digital;https://www.ms.gov.br/administracao-publica/solicitar-pedido-de-vista-e-copia-sistema-e-ms135;6;administracao-publica//solicitar-pedido-de-vista-e-copia-sistema-e-ms135
captacao-de-orgaos-e-tecidos-para-transplante95;saude-e-cuidado;Saude E Cuidado;Solicitar captação de órgãos e tecidos para transplante;SES;Secretaria de Estado de Saúde de Mato Grosso do Sul;Presencial;https://www.ms.gov.br/saude-e-cuidado/captacao-de-orgaos-e-tecidos-para-transplante95;6;saude-e-cuidado//captacao-de-orgaos-e-tecidos-para-transplante95
solicitar-vistoria-de-veiculo-de-passageiros-intermunicipal-na-modalidade-fretamento82;transito-e-transportes;Transito E Transportes;Solicitar vistoria de veículo de passageiros de viagem intermunicipal na modalidade fretamento;AGEMS;Agência Estadual de Regulação de Serviços Públicos de Mato Grosso do Sul;Digital;https://www.ms.gov.br/transito-e-transportes/solicitar-vistoria-de-veiculo-de-passageiros-intermunicipal-na-modalidade-fretamento82;6;transito-e-transportes//solicitar-vistoria-de-veiculo-de-passageiros-intermunicipal-na-modalidade-fretamento82
cadastrar-propriedade-como-unidade-de-confinamento142;agropecuaria-e-vida-rural;Agropecuaria E Vida Rural;Cadastrar propriedade como unidade de confinamento;IAGRO;Agência Estadual de Defesa Sanitária Animal Vegetal  Mato Grosso do Sul;Presencial;https://www.ms.gov.br/agropecuaria-e-vida-rural/cadastrar-propriedade-como-unidade-de-confinamento142;6;agropecuaria-e-vida-rural//cadastrar-propriedade-como-unidade-de-confinamento142
solicitar-capacitacao-sobre-economia-criativa66;arte-e-cultura;Arte E Cultura;Solicitar capacitação sobre economia criativa;SETESC;Secretaria de Estado de Turismo, Esporte e Cultura;Híbrido;https://www.ms.gov.br/arte-e-cultura/solicitar-capacitacao-sobre-economia-criativa66;6;arte-e-cultura/solicitar-capacitacao-sobre-economia-criativa66
pedido-de-acesso-a-informacao80;comunicacao-e-transparencia;Comunicacao E Transparencia;Fazer pedido de acesso à informação;SEILOG;Secretaria de Estado de Infraestrutura e Logística de Mato Grosso do Sul;Digital;https://www.ms.gov.br/comunicacao-e-transparencia/pedido-de-acesso-a-informacao80;6;comunicacao-e-transparencia//pedido-de-acesso-a-informacao80
solicitacao-de-alteracao-de-caracteristica-de-veiculos124;transito-e-transportes;Transito E Transportes;Solicitar prévia autorização para alteração de característica de veículo;DETRAN;Departamento Estadual de Trânsito de Mato Grosso do Sul;Presencial;https://www.ms.gov.br/transito-e-transportes/solicitacao-de-alteracao-de-caracteristica-de-veiculos124;6;transito-e-transportes//solicitacao-de-alteracao-de-caracteristica-de-veiculos124
comunicar-obito-de-servidor-ou-pensionista27;trabalho-emprego-e-previdencia;Trabalho Emprego E Previdencia;Comunicar óbito de servidor ou pensionista;AGEPREV;Agência de Previdência Social de Mato Grosso do Sul;Presencial;https://www.ms.gov.br/trabalho-emprego-e-previdencia/comunicar-obito-de-servidor-ou-pensionista27;6;trabalho-emprego-e-previdencia//comunicar-obito-de-servidor-ou-pensionista27
celebrar-convenio-de-cooperacao-para-regulacao-e-fiscalizacao-dos-servicos-de-saneamento-basico149;administracao-publica;Administracao Publica;Celebrar convênio de cooperação para regulação e fiscalização dos serviços de saneamento básico;AGEMS;Agência Estadual de Regulação de Serviços Públicos de Mato Grosso do Sul;Digital;https://www.ms.gov.br/administracao-publica/celebrar-convenio-de-cooperacao-para-regulacao-e-fiscalizacao-dos-servicos-de-saneamento-basico149;6;administracao-publica/celebrar-convenio-de-cooperacao-para-regulacao-e-fiscalizacao-dos-servicos-de-saneamento-basico149
alterar-o-nome-de-consumidor70;empresa-industria-e-comercio;Empresa Industria E Comercio;Solicitar alteração de titularidade da conta de água e/ou esgoto;SANESUL;Empresa de Saneamento de Mato Grosso do Sul;Presencial;https://www.ms.gov.br/empresa-industria-e-comercio/alterar-o-nome-de-consumidor70;6;empresa-industria-e-comercio//alterar-o-nome-de-consumidor70
solicitar-peticionamento-processual87;administracao-publica;Administracao Publica;Solicitar peticionamento processual;FUNTRAB;Fundação de Trabalho de Mato Grosso do Sul;Digital;https://www.ms.gov.br/administracao-publica/solicitar-peticionamento-processual87;6;administracao-publica/solicitar-peticionamento-processual87
solicitar-registro-de-estrangeiro43;transito-e-transportes;Transito E Transportes;Solicitar registro de estrangeiro;DETRAN;Departamento Estadual de Trânsito de Mato Grosso do Sul;Presencial;https://www.ms.gov.br/transito-e-transportes/solicitar-registro-de-estrangeiro43;6;transito-e-transportes//solicitar-registro-de-estrangeiro43
programa-arte-e-cultura-na-escola100;arte-e-cultura;Arte E Cultura;Participar do programa arte e cultura na escola;SED MS;Secretaria de Estado de Educação de Mato Grosso do Sul;Presencial;https://www.ms.gov.br/arte-e-cultura/programa-arte-e-cultura-na-escola100;5;arte-e-cultura//programa-arte-e-cultura-na-escola100
pedido-de-acesso-a-informacao143;comunicacao-e-transparencia;Comunicacao E Transparencia;Fazer pedido de acesso a informação;SEMADESC;Secretaria de Estado de Meio Ambiente, Desenvolvimento, Ciência, Tecnologia e Inovação de Mato Grosso do Sul;Digital;https://www.ms.gov.br/comunicacao-e-transparencia/pedido-de-acesso-a-informacao143;5;comunicacao-e-transparencia//pedido-de-acesso-a-informacao143
verificacao-de-taximetromototaximetro-e-de-medidores-de-velocidade144;administracao-publica;Administracao Publica;Solicitar verificação metrológica de taxímetro, moto taxímetro e medidores de velocidade;AEM;Agência Estadual de Metrologia de Mato Grosso do Sul;Presencial;https://www.ms.gov.br/administracao-publica/verificacao-de-taximetromototaximetro-e-de-medidores-de-velocidade144;5;administracao-publica//verificacao-de-taximetromototaximetro-e-de-medidores-de-velocidade144
manutencao-e-conservacao-dos-espacos-fisicos-da-uems191;infraestrutura;Infraestrutura;Manutenção e conservação dos espaços físicos da UEMS;UEMS;Universidade Estadual de Mato Grosso do Sul;Híbrido;https://www.ms.gov.br/infraestrutura/manutencao-e-conservacao-dos-espacos-fisicos-da-uems191;5;infraestrutura//manutencao-e-conservacao-dos-espacos-fisicos-da-uems191
solicitar-medicamentos-especializados9;saude-e-cuidado;Saude E Cuidado;Solicitar medicamentos especializados;SES;Secretaria de Estado de Saúde de Mato Grosso do Sul;Digital;https://www.ms.gov.br/saude-e-cuidado/solicitar-medicamentos-especializados9;5;saude-e-cuidado//solicitar-medicamentos-especializados9
fazer-pedido-de-acesso-a-informacao134;comunicacao-e-transparencia;Comunicacao E Transparencia;Fazer pedido de acesso à informação;JUCEMS;Junta Comercial do Estado de Mato Grosso do Sul;Digital;https://www.ms.gov.br/comunicacao-e-transparencia/fazer-pedido-de-acesso-a-informacao134;5;comunicacao-e-transparencia//fazer-pedido-de-acesso-a-informacao134
fazer-pedido-de-acesso-a-informacao178;comunicacao-e-transparencia;Comunicacao E Transparencia;Fazer pedido de acesso à informação;SEGOV MS;Secretaria de Estado de Governo e Gestão Estratégica de Mato Grosso do Sul;Digital;https://www.ms.gov.br/comunicacao-e-transparencia/fazer-pedido-de-acesso-a-informacao178;5;comunicacao-e-transparencia//fazer-pedido-de-acesso-a-informacao178
solicitacao-de-revisao-de-prova19;educacao-e-pesquisa;Educacao E Pesquisa;Solicitação de revisão de prova;UEMS;Universidade Estadual de Mato Grosso do Sul;Digital;https://www.ms.gov.br/educacao-e-pesquisa/solicitacao-de-revisao-de-prova19;5;educacao-e-pesquisa//solicitacao-de-revisao-de-prova19
solicitacao-de-consulta94;saude-e-cuidado;Saude E Cuidado;Solicitação de Consulta;SES;Secretaria de Estado de Saúde de Mato Grosso do Sul;Digital;https://www.ms.gov.br/saude-e-cuidado/solicitacao-de-consulta94;5;saude-e-cuidado//solicitacao-de-consulta94
solicitar-atendimento-educacional-especializado-nas-salas-de-recursos-multifuncionais-da-rede-estadual-de-ensino160;educacao-e-pesquisa;Educacao E Pesquisa;Solicitar Atendimento Educacional Especializado nas Salas de Recursos Multifuncionais da Rede Estadual de Ensino;SED MS;Secretaria de Estado de Educação de Mato Grosso do Sul;Presencial;https://www.ms.gov.br/educacao-e-pesquisa/solicitar-atendimento-educacional-especializado-nas-salas-de-recursos-multifuncionais-da-rede-estadual-de-ensino160;5;educacao-e-pesquisa//solicitar-atendimento-educacional-especializado-nas-salas-de-recursos-multifuncionais-da-rede-estadual-de-ensino160
solicitar-cadastro-de-areas-de-florestas-plantadas36;empresa-industria-e-comercio;Empresa Industria E Comercio;Solicitar cadastro de áreas de Florestas Plantadas.;SEMADESC;Secretaria de Estado de Meio Ambiente, Desenvolvimento, Ciência, Tecnologia e Inovação de Mato Grosso do Sul;Híbrido;https://www.ms.gov.br/empresa-industria-e-comercio/solicitar-cadastro-de-areas-de-florestas-plantadas36;5;empresa-industria-e-comercio//solicitar-cadastro-de-areas-de-florestas-plantadas36
solicitar-avaliacao-para-identificacao-para-altas-habilidades-ou-superdotacao-ceamahs120;educacao-e-pesquisa;Educacao E Pesquisa;Solicitar avaliação para identificação para Altas Habilidades ou Superdotação;SED MS;Secretaria de Estado de Educação de Mato Grosso do Sul;Presencial;https://www.ms.gov.br/educacao-e-pesquisa/solicitar-avaliacao-para-identificacao-para-altas-habilidades-ou-superdotacao-ceamahs120;5;educacao-e-pesquisa//solicitar-avaliacao-para-identificacao-para-altas-habilidades-ou-superdotacao-ceamahs120
prestacao-de-servico-a-comunidade92;direitos-e-cidadania;Direitos E Cidadania;Solicitar orientações para cumprimento de alternativas penais;AGEPEN;Agência Estadual de Administração do Sistema Penitenciário;Presencial;https://www.ms.gov.br/direitos-e-cidadania/prestacao-de-servico-a-comunidade92;5;direitos-e-cidadania//prestacao-de-servico-a-comunidade92
requerer-pensao-previdenciaria116;trabalho-emprego-e-previdencia;Trabalho Emprego E Previdencia;Requerer a pensão previdenciária;AGEPREV;Agência de Previdência Social de Mato Grosso do Sul;Presencial;https://www.ms.gov.br/trabalho-emprego-e-previdencia/requerer-pensao-previdenciaria116;5;trabalho-emprego-e-previdencia//requerer-pensao-previdenciaria116
fazer-um-pedido-de-informacao109;comunicacao-e-transparencia;Comunicacao E Transparencia;Fazer pedido de acesso à informação;SED MS;Secretaria de Estado de Educação de Mato Grosso do Sul;Digital;https://www.ms.gov.br/comunicacao-e-transparencia/fazer-um-pedido-de-informacao109;5;comunicacao-e-transparencia//fazer-um-pedido-de-informacao109
solicitar-peticionamento-processual9;administracao-publica;Administracao Publica;Solicitar peticionamento processual;SETESC;Secretaria de Estado de Turismo, Esporte e Cultura;Digital;https://www.ms.gov.br/administracao-publica/solicitar-peticionamento-processual9;5;administracao-publica//solicitar-peticionamento-processual9
atender-a-pacientes-com-hemofilia-outras-coagulopatias-e-anemia-falciforme27;saude-e-cuidado;Saude E Cuidado;Atender a pacientes com hemofilia, outras coagulopatias e anemia falciforme;SES;Secretaria de Estado de Saúde de Mato Grosso do Sul;Presencial;https://www.ms.gov.br/saude-e-cuidado/atender-a-pacientes-com-hemofilia-outras-coagulopatias-e-anemia-falciforme27;5;saude-e-cuidado//atender-a-pacientes-com-hemofilia-outras-coagulopatias-e-anemia-falciforme27
solicitar-registro-e-avaliacao-da-conformidade-de-empresas-credenciadas-ao-inmetro172;empresa-industria-e-comercio;Empresa Industria E Comercio;Solicitar registro e avaliação da conformidade de empresas credenciadas ao INMETRO;AEM;Agência Estadual de Metrologia de Mato Grosso do Sul;Presencial;https://www.ms.gov.br/empresa-industria-e-comercio/solicitar-registro-e-avaliacao-da-conformidade-de-empresas-credenciadas-ao-inmetro172;5;empresa-industria-e-comercio//solicitar-registro-e-avaliacao-da-conformidade-de-empresas-credenciadas-ao-inmetro172
solicitar-realizacao-de-atividade-academica-e-outros-usos-nos-parques-estaduais36;meio-ambiente;Meio Ambiente;Solicitar realização de atividade acadêmica e outros usos nos Parques Estaduais;IMASUL;Instituto de Meio Ambiente de Mato Grosso do Sul;Presencial;https://www.ms.gov.br/meio-ambiente/solicitar-realizacao-de-atividade-academica-e-outros-usos-nos-parques-estaduais36;5;meio-ambiente//solicitar-realizacao-de-atividade-academica-e-outros-usos-nos-parques-estaduais36
solicitar-pedido-de-vista-e-copia-sistema-e-ms124;administracao-publica;Administracao Publica;Solicitar pedido de vista e cópia;FADEB;Fundação da Apoio e Desenvolvimento à Educação Básica;Digital;https://www.ms.gov.br/administracao-publica/solicitar-pedido-de-vista-e-copia-sistema-e-ms124;5;administracao-publica//solicitar-pedido-de-vista-e-copia-sistema-e-ms124
requerer-aposentadoria-reserva-ou-reforma92;trabalho-emprego-e-previdencia;Trabalho Emprego E Previdencia;Requerer a aposentadoria, reserva ou reforma;AGEPREV;Agência de Previdência Social de Mato Grosso do Sul;Presencial;https://www.ms.gov.br/trabalho-emprego-e-previdencia/requerer-aposentadoria-reserva-ou-reforma92;5;trabalho-emprego-e-previdencia//requerer-aposentadoria-reserva-ou-reforma92
programa-de-mobilidade-internacional16;educacao-e-pesquisa;Educacao E Pesquisa;Programa de mobilidade internacional;UEMS;Universidade Estadual de Mato Grosso do Sul;Híbrido;https://www.ms.gov.br/educacao-e-pesquisa/programa-de-mobilidade-internacional16;5;educacao-e-pesquisa//programa-de-mobilidade-internacional16
solicitar-pedido-de-vista-e-copia53;administracao-publica;Administracao Publica;Solicitar pedido de vista e cópia;CBMMS;Corpo de Bombeiros Militar;Digital;https://www.ms.gov.br/administracao-publica/solicitar-pedido-de-vista-e-copia53;4;administracao-publica//solicitar-pedido-de-vista-e-copia53
solicitar-peticionamento-processual-sistema-e-ms15;administracao-publica;Administracao Publica;Solicitar peticionamento processual;SES;Secretaria de Estado de Saúde de Mato Grosso do Sul;Digital;https://www.ms.gov.br/administracao-publica/solicitar-peticionamento-processual-sistema-e-ms15;4;administracao-publica//solicitar-peticionamento-processual-sistema-e-ms15
registrar-denuncia148;comunicacao-e-transparencia;Comunicacao E Transparencia;Registrar denúncia;SEC;Secretaria de Estado da Cidadania;Híbrido;https://www.ms.gov.br/comunicacao-e-transparencia/registrar-denuncia148;4;comunicacao-e-transparencia/registrar-denuncia148
emissao-de-certificados-de-atividades-complementares-de-ensino-ace2;educacao-e-pesquisa;Educacao E Pesquisa;Solicitar  certificado de atividades complementares de ensino (ACE);UEMS;Universidade Estadual de Mato Grosso do Sul;Digital;https://www.ms.gov.br/educacao-e-pesquisa/emissao-de-certificados-de-atividades-complementares-de-ensino-ace2;4;educacao-e-pesquisa//emissao-de-certificados-de-atividades-complementares-de-ensino-ace2
denuncia18;comunicacao-e-transparencia;Comunicacao E Transparencia;Registrar denúncia;SETESC;Secretaria de Estado de Turismo, Esporte e Cultura;Híbrido;https://www.ms.gov.br/comunicacao-e-transparencia/denuncia18;4;comunicacao-e-transparencia/denuncia18
orientacoes-para-consulta-do-acervo-e-ambiente-virtual-da-biblioteca165;educacao-e-pesquisa;Educacao E Pesquisa;Orientações para consulta do acervo e ambiente virtual da biblioteca;UEMS;Universidade Estadual de Mato Grosso do Sul;Digital;https://www.ms.gov.br/educacao-e-pesquisa/orientacoes-para-consulta-do-acervo-e-ambiente-virtual-da-biblioteca165;4;educacao-e-pesquisa//orientacoes-para-consulta-do-acervo-e-ambiente-virtual-da-biblioteca165
914-unidade-universitaria-de-campo-grande-acervo-maria-da-gloria-sa-rosa-curso-de-letras-uucg-visita-guiada-ao-acervo-maria-da-gloria-sa-rosa118;educacao-e-pesquisa;Educacao E Pesquisa;Solicitar visita cultural do acervo bibliográfico, audiovisual e digital;UEMS;Universidade Estadual de Mato Grosso do Sul;Presencial;https://www.ms.gov.br/educacao-e-pesquisa/914-unidade-universitaria-de-campo-grande-acervo-maria-da-gloria-sa-rosa-curso-de-letras-uucg-visita-guiada-ao-acervo-maria-da-gloria-sa-rosa118;4;educacao-e-pesquisa//914-unidade-universitaria-de-campo-grande-acervo-maria-da-gloria-sa-rosa-curso-de-letras-uucg-visita-guiada-ao-acervo-maria-da-gloria-sa-rosa118
solicitar-peticionamento-processual-sistema-e-ms9;administracao-publica;Administracao Publica;Solicitar peticionamento processual;FADEB;Fundação da Apoio e Desenvolvimento à Educação Básica;Digital;https://www.ms.gov.br/administracao-publica/solicitar-peticionamento-processual-sistema-e-ms9;4;administracao-publica//solicitar-peticionamento-processual-sistema-e-ms9
atualizacao-cadastral70;energia;Energia;Atualizar cadastro;MSGÁS;Companhia de Gás do Estado de Mato Grosso do Sul;Presencial;https://www.ms.gov.br/energia/atualizacao-cadastral70;4;energia//atualizacao-cadastral70
solicitacao-de-analise-de-projetos-eas-estabelecimento-assistencial-de-saude40;saude-e-cuidado;Saude E Cuidado;Solicitar análise de projetos EAS - estabelecimento assistencial de saúde;SES;Secretaria de Estado de Saúde de Mato Grosso do Sul;Digital;https://www.ms.gov.br/saude-e-cuidado/solicitacao-de-analise-de-projetos-eas-estabelecimento-assistencial-de-saude40;4;saude-e-cuidado//solicitacao-de-analise-de-projetos-eas-estabelecimento-assistencial-de-saude40
autorizacao-para-a-oferta-da-educacao-profissional-tecnica-de-nivel-medio149;educacao-e-pesquisa;Educacao E Pesquisa;Solicitar autorização para oferta da educação profissional técnica de nível médio;SED MS;Secretaria de Estado de Educação de Mato Grosso do Sul;Presencial;https://www.ms.gov.br/educacao-e-pesquisa/autorizacao-para-a-oferta-da-educacao-profissional-tecnica-de-nivel-medio149;4;educacao-e-pesquisa//autorizacao-para-a-oferta-da-educacao-profissional-tecnica-de-nivel-medio149
ouvidoria-da-previdencia119;trabalho-emprego-e-previdencia;Trabalho Emprego E Previdencia;Falar com a ouvidoria;AGEPREV;Agência de Previdência Social de Mato Grosso do Sul;Presencial;https://www.ms.gov.br/trabalho-emprego-e-previdencia/ouvidoria-da-previdencia119;4;trabalho-emprego-e-previdencia//ouvidoria-da-previdencia119
solicitacao-do-programa-direitos-humanos-em-acao171;direitos-e-cidadania;Direitos E Cidadania;Solicitar atendimento pelo Programa Direitos Humanos em Ação;SEAD;Secretaria de Estado de Assistência Social e Direitos Humanos;Presencial;https://www.ms.gov.br/direitos-e-cidadania/solicitacao-do-programa-direitos-humanos-em-acao171;4;direitos-e-cidadania//solicitacao-do-programa-direitos-humanos-em-acao171
processo-administrativo-sanitario3;saude-e-cuidado;Saude E Cuidado;Apresentar defesa e/ou recurso em processo administrativo sanitário PAS;SES;Secretaria de Estado de Saúde de Mato Grosso do Sul;Presencial;https://www.ms.gov.br/saude-e-cuidado/processo-administrativo-sanitario3;4;saude-e-cuidado//processo-administrativo-sanitario3
solicitar-peticionamento-processual48;administracao-publica;Administracao Publica;Solicitar peticionamento processual;IMASUL;Instituto de Meio Ambiente de Mato Grosso do Sul;Digital;https://www.ms.gov.br/administracao-publica/solicitar-peticionamento-processual48;4;administracao-publica//solicitar-peticionamento-processual48
telediagnostico-em-teledermatologia157;saude-e-cuidado;Saude E Cuidado;Solicitar telediagnóstico em teledermatologia;SES;Secretaria de Estado de Saúde de Mato Grosso do Sul;Presencial;https://www.ms.gov.br/saude-e-cuidado/telediagnostico-em-teledermatologia157;4;saude-e-cuidado//telediagnostico-em-teledermatologia157
pedido-de-acesso-a-informacao157;comunicacao-e-transparencia;Comunicacao E Transparencia;Fazer pedido de acesso à informação;SES;Secretaria de Estado de Saúde de Mato Grosso do Sul;Digital;https://www.ms.gov.br/comunicacao-e-transparencia/pedido-de-acesso-a-informacao157;4;comunicacao-e-transparencia//pedido-de-acesso-a-informacao157
pedido-de-acesso-a-informacao82;comunicacao-e-transparencia;Comunicacao E Transparencia;Fazer pedido de acesso à informação;AGRAER;Agência de Desenvolvimento Agrário e Extensão Rural de Mato Grosso do Sul;Digital;https://www.ms.gov.br/comunicacao-e-transparencia/pedido-de-acesso-a-informacao82;4;comunicacao-e-transparencia//pedido-de-acesso-a-informacao82
0334-proe-divisao-de-ingresso-discente-dindproe-vestibular141;educacao-e-pesquisa;Educacao E Pesquisa;Solicitar inscrição no vestibular;UEMS;Universidade Estadual de Mato Grosso do Sul;Presencial;https://www.ms.gov.br/educacao-e-pesquisa/0334-proe-divisao-de-ingresso-discente-dindproe-vestibular141;4;educacao-e-pesquisa//0334-proe-divisao-de-ingresso-discente-dindproe-vestibular141
solicitar-inscricao-de-uc-no-cadastro-estadual-de-unidades-de-conservacao-ceuc156;meio-ambiente;Meio Ambiente;Solicitar inscrição de UC no Cadastro Estadual de Unidades de Conservação (CEUC);IMASUL;Instituto de Meio Ambiente de Mato Grosso do Sul;Presencial;https://www.ms.gov.br/meio-ambiente/solicitar-inscricao-de-uc-no-cadastro-estadual-de-unidades-de-conservacao-ceuc156;4;meio-ambiente/solicitar-inscricao-de-uc-no-cadastro-estadual-de-unidades-de-conservacao-ceuc156
secretaria-academica169;saude-e-cuidado;Saude E Cuidado;Solicitar documentos relativos a vida acadêmica;SES;Secretaria de Estado de Saúde de Mato Grosso do Sul;Presencial;https://www.ms.gov.br/saude-e-cuidado/secretaria-academica169;4;saude-e-cuidado//secretaria-academica169
registrar-denuncia160;comunicacao-e-transparencia;Comunicacao E Transparencia;Registrar denúncia;PMMS;Polícia Militar de Mato Grosso do Sul;Híbrido;https://www.ms.gov.br/comunicacao-e-transparencia/registrar-denuncia160;4;comunicacao-e-transparencia/registrar-denuncia160
registrar-reclamacao-solicitacao-sugestao-e-elogio35;comunicacao-e-transparencia;Comunicacao E Transparencia;Registrar reclamação, solicitação, sugestão e elogio;SEMADESC;Secretaria de Estado de Meio Ambiente, Desenvolvimento, Ciência, Tecnologia e Inovação de Mato Grosso do Sul;Digital;https://www.ms.gov.br/comunicacao-e-transparencia/registrar-reclamacao-solicitacao-sugestao-e-elogio35;4;comunicacao-e-transparencia//registrar-reclamacao-solicitacao-sugestao-e-elogio35
teste-4189;comunicacao-e-transparencia;Comunicacao E Transparencia;Registrar elogio aos servidores;AGEPEN;Agência Estadual de Administração do Sistema Penitenciário;Presencial;https://www.ms.gov.br/comunicacao-e-transparencia/teste-4189;4;comunicacao-e-transparencia/teste-4189
solicitar-compensacao-de-reserva-legal-em-unidade-de-conservacao-por-meio-de-doacao-de-terras-para-o-estado137;meio-ambiente;Meio Ambiente;Solicitar compensação de reserva legal em unidade de conservação por meio de doação de terras para o Estado;IMASUL;Instituto de Meio Ambiente de Mato Grosso do Sul;Presencial;https://www.ms.gov.br/meio-ambiente/solicitar-compensacao-de-reserva-legal-em-unidade-de-conservacao-por-meio-de-doacao-de-terras-para-o-estado137;4;meio-ambiente/solicitar-compensacao-de-reserva-legal-em-unidade-de-conservacao-por-meio-de-doacao-de-terras-para-o-estado137//index
camara-administrativa-de-solucao-de-conflitos-saude159;justica;Justica;Propor acordo na Câmara Administrativa de Solução de Conflitos (CASC - saúde) para receber medicamentos;PGE MS;Procuradoria Geral do Estado de Mato Grosso do Sul;Digital;https://www.ms.gov.br/justica/camara-administrativa-de-solucao-de-conflitos-saude159;4;justica/camara-administrativa-de-solucao-de-conflitos-saude159
176-projeto-tiro-adaptado-da-pmms36;seguranca;Seguranca;Participar do projeto tiro adaptado;PMMS;Polícia Militar de Mato Grosso do Sul;Presencial;https://www.ms.gov.br/seguranca/176-projeto-tiro-adaptado-da-pmms36;3;seguranca//176-projeto-tiro-adaptado-da-pmms36
pedido-de-acesso-a-informacao119;comunicacao-e-transparencia;Comunicacao E Transparencia;Fazer pedido de acesso à informação;AEM;Agência Estadual de Metrologia de Mato Grosso do Sul;Digital;https://www.ms.gov.br/comunicacao-e-transparencia/pedido-de-acesso-a-informacao119;3;comunicacao-e-transparencia//pedido-de-acesso-a-informacao119
solicitar-peticionamento-processual132;administracao-publica;Administracao Publica;Solicitar peticionamento processual;CBMMS;Corpo de Bombeiros Militar;Digital;https://www.ms.gov.br/administracao-publica/solicitar-peticionamento-processual132;3;administracao-publica//solicitar-peticionamento-processual132
solicitar-orientacao-do-profissional-farmaceutico130;saude-e-cuidado;Saude E Cuidado;Solicitar orientação do profissional farmacêutico;SES;Secretaria de Estado de Saúde de Mato Grosso do Sul;Presencial;https://www.ms.gov.br/saude-e-cuidado/solicitar-orientacao-do-profissional-farmaceutico130;3;saude-e-cuidado//solicitar-orientacao-do-profissional-farmaceutico130
cadastramento-camara-arbitral22;comunicacao-e-transparencia;Comunicacao E Transparencia;Cadastrar Câmara Arbitral;PGE MS;Procuradoria Geral do Estado de Mato Grosso do Sul;Digital;https://www.ms.gov.br/comunicacao-e-transparencia/cadastramento-camara-arbitral22;3;comunicacao-e-transparencia//cadastramento-camara-arbitral22
06-forca-tatica-segundo-nivel-de-forca-para-protecao-de-vidas-nas-cidades-e-campos63;seguranca;Seguranca;Inserir Força Tática – segundo nível de força para proteção de vidas nas cidades e campos;PMMS;Polícia Militar de Mato Grosso do Sul;Presencial;https://www.ms.gov.br/seguranca/06-forca-tatica-segundo-nivel-de-forca-para-protecao-de-vidas-nas-cidades-e-campos63;3;seguranca/06-forca-tatica-segundo-nivel-de-forca-para-protecao-de-vidas-nas-cidades-e-campos63
conceder-acesso-ao-gitlabs17;ciencia-e-tecnologia;Ciencia E Tecnologia;Conceder acesso ao Gitlabs.;SEGOV MS;Secretaria de Estado de Governo e Gestão Estratégica de Mato Grosso do Sul;Digital;https://www.ms.gov.br/ciencia-e-tecnologia/conceder-acesso-ao-gitlabs17;3;ciencia-e-tecnologia//conceder-acesso-ao-gitlabs17
registrar-denuncia171;comunicacao-e-transparencia;Comunicacao E Transparencia;Registrar denúncia;DETRAN;Departamento Estadual de Trânsito de Mato Grosso do Sul;Digital;https://www.ms.gov.br/comunicacao-e-transparencia/registrar-denuncia171;3;comunicacao-e-transparencia//registrar-denuncia171
direcao-assessoramento-e-coordenacao-juridica39;administracao-publica;Administracao Publica;Solicitar consultoria e assessoramento jurídicos;PGE MS;Procuradoria Geral do Estado de Mato Grosso do Sul;Presencial;https://www.ms.gov.br/administracao-publica/direcao-assessoramento-e-coordenacao-juridica39;3;administracao-publica//direcao-assessoramento-e-coordenacao-juridica39
registrar-denuncia139;comunicacao-e-transparencia;Comunicacao E Transparencia;Registrar denúncia;AEM;Agência Estadual de Metrologia de Mato Grosso do Sul;Híbrido;https://www.ms.gov.br/comunicacao-e-transparencia/registrar-denuncia139;3;comunicacao-e-transparencia//registrar-denuncia139
pedido-de-acesso-a-informacao97;comunicacao-e-transparencia;Comunicacao E Transparencia;Fazer pedido de acesso à informação;SEAD;Secretaria de Estado de Assistência Social e Direitos Humanos;Digital;https://www.ms.gov.br/comunicacao-e-transparencia/pedido-de-acesso-a-informacao97;3;comunicacao-e-transparencia//pedido-de-acesso-a-informacao97
pagar-o-recolhimento-previdenciario-servidor-licenciado-para-tratamento-de-interesse-particular159;trabalho-emprego-e-previdencia;Trabalho Emprego E Previdencia;Pagar contribuição previdenciária – servidor em licença para trato de interesse particular (TIP);AGEPREV;Agência de Previdência Social de Mato Grosso do Sul;Presencial;https://www.ms.gov.br/trabalho-emprego-e-previdencia/pagar-o-recolhimento-previdenciario-servidor-licenciado-para-tratamento-de-interesse-particular159;3;trabalho-emprego-e-previdencia//pagar-o-recolhimento-previdenciario-servidor-licenciado-para-tratamento-de-interesse-particular159
solicitar-de-criacao-ou-ampliacao-de-rppn155;meio-ambiente;Meio Ambiente;Solicitar de criação (ou ampliação) de RPPN;IMASUL;Instituto de Meio Ambiente de Mato Grosso do Sul;Presencial;https://www.ms.gov.br/meio-ambiente/solicitar-de-criacao-ou-ampliacao-de-rppn155;3;meio-ambiente/solicitar-de-criacao-ou-ampliacao-de-rppn155
exames-medicos-admissionais-em-desenvolvimento128;trabalho-emprego-e-previdencia;Trabalho Emprego E Previdencia;Solicitar a avaliação pericial para exames admissionais;AGEPREV;Agência de Previdência Social de Mato Grosso do Sul;Presencial;https://www.ms.gov.br/trabalho-emprego-e-previdencia/exames-medicos-admissionais-em-desenvolvimento128;3;trabalho-emprego-e-previdencia//exames-medicos-admissionais-em-desenvolvimento128
solicitar-transferencia-de-estudante136;educacao-e-pesquisa;Educacao E Pesquisa;Solicitar transferência de estudante;SED MS;Secretaria de Estado de Educação de Mato Grosso do Sul;Presencial;https://www.ms.gov.br/educacao-e-pesquisa/solicitar-transferencia-de-estudante136;3;educacao-e-pesquisa//solicitar-transferencia-de-estudante136
atendimento-excepcional188;educacao-e-pesquisa;Educacao E Pesquisa;Solicitar atendimento excepcional por licença médica;UEMS;Universidade Estadual de Mato Grosso do Sul;Digital;https://www.ms.gov.br/educacao-e-pesquisa/atendimento-excepcional188;3;educacao-e-pesquisa//atendimento-excepcional188
solicitar-peticionamento-processual-sistema-e-ms188;administracao-publica;Administracao Publica;Solicitar peticionamento processual;AGRAER;Agência de Desenvolvimento Agrário e Extensão Rural de Mato Grosso do Sul;Presencial;https://www.ms.gov.br/administracao-publica/solicitar-peticionamento-processual-sistema-e-ms188;3;administracao-publica//solicitar-peticionamento-processual-sistema-e-ms188
915-unidade-universitaria-de-campo-grande-acervo-maria-da-gloria-sa-rosa-curso-de-letras-uucg-consulta-supervisionada-ao-acervo-bibliografico-digital-e-audiovisual157;educacao-e-pesquisa;Educacao E Pesquisa;Solicitar acesso a consulta supervisionada a acervo bibliográfico, digital e audiovisual;UEMS;Universidade Estadual de Mato Grosso do Sul;Presencial;https://www.ms.gov.br/educacao-e-pesquisa/915-unidade-universitaria-de-campo-grande-acervo-maria-da-gloria-sa-rosa-curso-de-letras-uucg-consulta-supervisionada-ao-acervo-bibliografico-digital-e-audiovisual157;3;educacao-e-pesquisa//915-unidade-universitaria-de-campo-grande-acervo-maria-da-gloria-sa-rosa-curso-de-letras-uucg-consulta-supervisionada-ao-acervo-bibliografico-digital-e-audiovisual157
solicitar-peticionamento-processual-sistema-e-ms191;administracao-publica;Administracao Publica;Solicitar peticionamento processual;AGEPREV;Agência de Previdência Social de Mato Grosso do Sul;Digital;https://www.ms.gov.br/administracao-publica/solicitar-peticionamento-processual-sistema-e-ms191;3;administracao-publica//solicitar-peticionamento-processual-sistema-e-ms191
acessar-gratuitamente-programas-da-tv-educativa-portal-da-educativa175;educacao-e-pesquisa;Educacao E Pesquisa;Acessar gratuitamente programas da TV educativa (Portal da Educativa);FERTEL - Educativa MS;Fundação Estadual Jornalista Luiz Chagas de Rádio e Televisão;Presencial;https://www.ms.gov.br/educacao-e-pesquisa/acessar-gratuitamente-programas-da-tv-educativa-portal-da-educativa175;3;educacao-e-pesquisa//acessar-gratuitamente-programas-da-tv-educativa-portal-da-educativa175
acessar-site-para-ouvir-a-radio-educativa-fm-1047-de-forma-gratuita-portal-da-educativa85;comunicacao-e-transparencia;Comunicacao E Transparencia;Acessar site para ouvir a rádio educativa fm 104,7 de forma gratuita (Portal da Educativa);FERTEL - Educativa MS;Fundação Estadual Jornalista Luiz Chagas de Rádio e Televisão;Presencial;https://www.ms.gov.br/comunicacao-e-transparencia/acessar-site-para-ouvir-a-radio-educativa-fm-1047-de-forma-gratuita-portal-da-educativa85;3;comunicacao-e-transparencia//acessar-site-para-ouvir-a-radio-educativa-fm-1047-de-forma-gratuita-portal-da-educativa85
registrar-denuncia4;comunicacao-e-transparencia;Comunicacao E Transparencia;Registrar denúncia;SAD;Secretaria de Estado de Administração de Mato Grosso do Sul;Híbrido;https://www.ms.gov.br/comunicacao-e-transparencia/registrar-denuncia4;3;comunicacao-e-transparencia//registrar-denuncia4
consultoria-tecnica-quanto-a-legislacao-da-defesa-civil58;seguranca;Seguranca;Solicitar consultoria técnica de legislação da defesa civil;SEGOV MS;Secretaria de Estado de Governo e Gestão Estratégica de Mato Grosso do Sul;Presencial;https://www.ms.gov.br/seguranca/consultoria-tecnica-quanto-a-legislacao-da-defesa-civil58;3;seguranca//consultoria-tecnica-quanto-a-legislacao-da-defesa-civil58
criacao-do-login-microsoft112;educacao-e-pesquisa;Educacao E Pesquisa;Criação do login microsoft;UEMS;Universidade Estadual de Mato Grosso do Sul;Presencial;https://www.ms.gov.br/educacao-e-pesquisa/criacao-do-login-microsoft112;3;educacao-e-pesquisa//criacao-do-login-microsoft112
redefinicao-de-senha-do-login-uems-dos-alunos-de-pos-graduacao191;educacao-e-pesquisa;Educacao E Pesquisa;Redefinição de senha do login UEMS dos alunos de pós-graduação;UEMS;Universidade Estadual de Mato Grosso do Sul;Presencial;https://www.ms.gov.br/educacao-e-pesquisa/redefinicao-de-senha-do-login-uems-dos-alunos-de-pos-graduacao191;3;educacao-e-pesquisa//redefinicao-de-senha-do-login-uems-dos-alunos-de-pos-graduacao191
recebimento-de-doacao-de-livros24;educacao-e-pesquisa;Educacao E Pesquisa;Recebimento de doação de livros;UEMS;Universidade Estadual de Mato Grosso do Sul;Presencial;https://www.ms.gov.br/educacao-e-pesquisa/recebimento-de-doacao-de-livros24;3;educacao-e-pesquisa//recebimento-de-doacao-de-livros24
registrar-reclamacao-solicitacao-sugestao-e-elogio94;comunicacao-e-transparencia;Comunicacao E Transparencia;Registrar reclamação, solicitação, sugestão e elogio;CBMMS;Corpo de Bombeiros Militar;Digital;https://www.ms.gov.br/comunicacao-e-transparencia/registrar-reclamacao-solicitacao-sugestao-e-elogio94;3;comunicacao-e-transparencia//registrar-reclamacao-solicitacao-sugestao-e-elogio94
requer-isencao-de-imposto-de-renda156;trabalho-emprego-e-previdencia;Trabalho Emprego E Previdencia;Requerer a isenção de imposto de renda;AGEPREV;Agência de Previdência Social de Mato Grosso do Sul;Presencial;https://www.ms.gov.br/trabalho-emprego-e-previdencia/requer-isencao-de-imposto-de-renda156;3;trabalho-emprego-e-previdencia//requer-isencao-de-imposto-de-renda156
renovar-o-emprestimo-de-livro166;educacao-e-pesquisa;Educacao E Pesquisa;Renovar o empréstimo de livro;UEMS;Universidade Estadual de Mato Grosso do Sul;Presencial;https://www.ms.gov.br/educacao-e-pesquisa/renovar-o-emprestimo-de-livro166;3;educacao-e-pesquisa//renovar-o-emprestimo-de-livro166
141-unidade-universitaria-de-paranaiba-nucleo-de-praticas-e-assistencia-juridica-curso-direito127;educacao-e-pesquisa;Educacao E Pesquisa;Solicitar acesso à assistência jurídica gratuita;UEMS;Universidade Estadual de Mato Grosso do Sul;Presencial;https://www.ms.gov.br/educacao-e-pesquisa/141-unidade-universitaria-de-paranaiba-nucleo-de-praticas-e-assistencia-juridica-curso-direito127;3;educacao-e-pesquisa//141-unidade-universitaria-de-paranaiba-nucleo-de-praticas-e-assistencia-juridica-curso-direito127
solicitar-a-concessao-de-horario-especial-para-servidor-com-dependente-com-deficiencia128;trabalho-emprego-e-previdencia;Trabalho Emprego E Previdencia;Solicitar a concessão de horário especial para servidor com dependente com deficiência;AGEPREV;Agência de Previdência Social de Mato Grosso do Sul;Presencial;https://www.ms.gov.br/trabalho-emprego-e-previdencia/solicitar-a-concessao-de-horario-especial-para-servidor-com-dependente-com-deficiencia128;3;trabalho-emprego-e-previdencia//solicitar-a-concessao-de-horario-especial-para-servidor-com-dependente-com-deficiencia128
processo-de-concurso-publico-docente39;educacao-e-pesquisa;Educacao E Pesquisa;Solicitar processo de concurso público docente;UEMS;Universidade Estadual de Mato Grosso do Sul;Digital;https://www.ms.gov.br/educacao-e-pesquisa/processo-de-concurso-publico-docente39;3;educacao-e-pesquisa//processo-de-concurso-publico-docente39
processo-seletivo-vestibular115;educacao-e-pesquisa;Educacao E Pesquisa;Processo Seletivo Vestibular;UEMS;Universidade Estadual de Mato Grosso do Sul;Híbrido;https://www.ms.gov.br/educacao-e-pesquisa/processo-seletivo-vestibular115;3;educacao-e-pesquisa//processo-seletivo-vestibular115
solicitar-aprovacao-de-plano-de-manejo-de-rppn81;meio-ambiente;Meio Ambiente;Solicitar aprovação de plano de manejo de RPPN;IMASUL;Instituto de Meio Ambiente de Mato Grosso do Sul;Presencial;https://www.ms.gov.br/meio-ambiente/solicitar-aprovacao-de-plano-de-manejo-de-rppn81;3;meio-ambiente/solicitar-aprovacao-de-plano-de-manejo-de-rppn81
pagar-recolhimento-previdenciario-servidor-cedido-sem-onus67;trabalho-emprego-e-previdencia;Trabalho Emprego E Previdencia;Pagar contribuição previdenciária – servidor cedido sem ônus para o órgão de origem;AGEPREV;Agência de Previdência Social de Mato Grosso do Sul;Presencial;https://www.ms.gov.br/trabalho-emprego-e-previdencia/pagar-recolhimento-previdenciario-servidor-cedido-sem-onus67;3;trabalho-emprego-e-previdencia//pagar-recolhimento-previdenciario-servidor-cedido-sem-onus67
plicativo-msgas-acompanhamento-do-consumo-emissao-de-2a-via-de-fatura116;energia;Energia;Acessar o aplicativo MSGÁS (acompanhamento do consumo, emissão de 2ª via de fatura);MSGÁS;Companhia de Gás do Estado de Mato Grosso do Sul;Digital;https://www.ms.gov.br/energia/plicativo-msgas-acompanhamento-do-consumo-emissao-de-2a-via-de-fatura116;3;energia//plicativo-msgas-acompanhamento-do-consumo-emissao-de-2a-via-de-fatura116
conceder-acesso-ao-matomo70;ciencia-e-tecnologia;Ciencia E Tecnologia;Conceder acesso ao Matomo;SEGOV MS;Secretaria de Estado de Governo e Gestão Estratégica de Mato Grosso do Sul;Digital;https://www.ms.gov.br/ciencia-e-tecnologia/conceder-acesso-ao-matomo70;2;ciencia-e-tecnologia//conceder-acesso-ao-matomo70
realizar-pericia-medica-remota47;trabalho-emprego-e-previdencia;Trabalho Emprego E Previdencia;Realizar Perícia Médica Remota;AGEPREV;Agência de Previdência Social de Mato Grosso do Sul;Híbrido;https://www.ms.gov.br/trabalho-emprego-e-previdencia/realizar-pericia-medica-remota47;2;trabalho-emprego-e-previdencia/realizar-pericia-medica-remota47
atendimento-de-emergencia117;energia;Energia;Solicitar atendimento de emergência;MSGÁS;Companhia de Gás do Estado de Mato Grosso do Sul;Digital;https://www.ms.gov.br/energia/atendimento-de-emergencia117;2;energia//atendimento-de-emergencia117
visitacao-e-realizacao-de-eventos188;turismo;Turismo;Visitar Bioparque Pantanal;SEGOV MS;Secretaria de Estado de Governo e Gestão Estratégica de Mato Grosso do Sul;Digital;https://www.ms.gov.br/turismo/visitacao-e-realizacao-de-eventos188;2;turismo//visitacao-e-realizacao-de-eventos188
solicitar-ligacao-de-gas-natural70;energia;Energia;Solicitar ligação de gás natural;MSGÁS;Companhia de Gás do Estado de Mato Grosso do Sul;Presencial;https://www.ms.gov.br/energia/solicitar-ligacao-de-gas-natural70;2;energia//solicitar-ligacao-de-gas-natural70
solicitar-aumento-de-quota-de-e-mail-oficial87;ciencia-e-tecnologia;Ciencia E Tecnologia;Solicitar aumento de quota de e-mail Oficial;SEGOV MS;Secretaria de Estado de Governo e Gestão Estratégica de Mato Grosso do Sul;Híbrido;https://www.ms.gov.br/ciencia-e-tecnologia/solicitar-aumento-de-quota-de-e-mail-oficial87;2;ciencia-e-tecnologia//solicitar-aumento-de-quota-de-e-mail-oficial87
solicitar-avaliacao-pericial-para-readaptacao-provisoria-o-definitiva26;trabalho-emprego-e-previdencia;Trabalho Emprego E Previdencia;Solicitar a avaliação pericial para readaptação provisória ou definitiva;AGEPREV;Agência de Previdência Social de Mato Grosso do Sul;Presencial;https://www.ms.gov.br/trabalho-emprego-e-previdencia/solicitar-avaliacao-pericial-para-readaptacao-provisoria-o-definitiva26;2;trabalho-emprego-e-previdencia//solicitar-avaliacao-pericial-para-readaptacao-provisoria-o-definitiva26
solicitar-acesso-aos-sistemas-institucionais-mantidos-pela-setdig91;ciencia-e-tecnologia;Ciencia E Tecnologia;Solicitar Primeiro acesso aos canais Institucionais Oficiais;SEGOV MS;Secretaria de Estado de Governo e Gestão Estratégica de Mato Grosso do Sul;Digital;https://www.ms.gov.br/ciencia-e-tecnologia/solicitar-acesso-aos-sistemas-institucionais-mantidos-pela-setdig91;2;ciencia-e-tecnologia//solicitar-acesso-aos-sistemas-institucionais-mantidos-pela-setdig91
esportes-urbanos154;esporte-e-lazer;Esporte E Lazer;Solicitar esportes urbanos;FUNDESPORTE;Fundação de Desporto e Lazer de Mato Grosso do Sul;Presencial;https://www.ms.gov.br/esporte-e-lazer/esportes-urbanos154;1;esporte-e-lazer//esportes-urbanos154
requerer-a-revisao-de-reforma35;trabalho-emprego-e-previdencia;Trabalho Emprego E Previdencia;Requerer a revisão de reforma;AGEPREV;Agência de Previdência Social de Mato Grosso do Sul;Presencial;https://www.ms.gov.br/trabalho-emprego-e-previdencia/requerer-a-revisao-de-reforma35;1;trabalho-emprego-e-previdencia//requerer-a-revisao-de-reforma35
requerer-a-reversao-de-cota-de-pensao8;trabalho-emprego-e-previdencia;Trabalho Emprego E Previdencia;Requerer a reversão de cota de pensão;AGEPREV;Agência de Previdência Social de Mato Grosso do Sul;Presencial;https://www.ms.gov.br/trabalho-emprego-e-previdencia/requerer-a-reversao-de-cota-de-pensao8;1;trabalho-emprego-e-previdencia//requerer-a-reversao-de-cota-de-pensao8
denuncia54;meio-ambiente;Meio Ambiente;Registrar denúncia;SEMADESC;Secretaria de Estado de Meio Ambiente, Desenvolvimento, Ciência, Tecnologia e Inovação de Mato Grosso do Sul;Híbrido;https://www.ms.gov.br/meio-ambiente/denuncia54;1;meio-ambiente//denuncia54
realizacao-de-eventos103;arte-e-cultura;Arte E Cultura;Solicitar locação do auditório do Bioparque para realização de eventos;SEGOV MS;Secretaria de Estado de Governo e Gestão Estratégica de Mato Grosso do Sul;Presencial;https://www.ms.gov.br/arte-e-cultura/realizacao-de-eventos103;1;arte-e-cultura//realizacao-de-eventos103
adesao-ao-debito-automatico163;energia;Energia;Aderir ao débito automático da fatura de consumo;MSGÁS;Companhia de Gás do Estado de Mato Grosso do Sul;Presencial;https://www.ms.gov.br/energia/adesao-ao-debito-automatico163;1;energia//adesao-ao-debito-automatico163
OUTORGA-DE-DIREITO-DE-USO-DE-RECURSOS-HIDRICOS-E-CADASTRO-ESTADUAL-DE-USUARIO-DE-RECURSOS-HIDRICOS-CEURH144;meio-ambiente;Meio Ambiente;Solicitar cadastro e outorga de uso de recursos hídricos (CEURH);IMASUL;Instituto de Meio Ambiente de Mato Grosso do Sul;Presencial;https://www.ms.gov.br/meio-ambiente/OUTORGA-DE-DIREITO-DE-USO-DE-RECURSOS-HIDRICOS-E-CADASTRO-ESTADUAL-DE-USUARIO-DE-RECURSOS-HIDRICOS-CEURH144;1;MEIO-AMBIENTE//OUTORGA-DE-DIREITO-DE-USO-DE-RECURSOS-HIDRICOS-E-CADASTRO-ESTADUAL-DE-USUARIO-DE-RECURSOS-HIDRICOS-CEURH144
solicitar-religacao-de-fornecimento-de-gas-natural-em-ate-4-horas109;energia;Energia;Solicitar a religação de fornecimento de gás natural em até 4 horas;MSGÁS;Companhia de Gás do Estado de Mato Grosso do Sul;Presencial;https://www.ms.gov.br/energia/solicitar-religacao-de-fornecimento-de-gas-natural-em-ate-4-horas109;1;energia//solicitar-religacao-de-fornecimento-de-gas-natural-em-ate-4-horas109
liberar-acesso-a-usuario-banido-no-proxy190;ciencia-e-tecnologia;Ciencia E Tecnologia;Usuário banido no proxy;SEGOV MS;Secretaria de Estado de Governo e Gestão Estratégica de Mato Grosso do Sul;Digital;https://www.ms.gov.br/ciencia-e-tecnologia/liberar-acesso-a-usuario-banido-no-proxy190;1;ciencia-e-tecnologia//liberar-acesso-a-usuario-banido-no-proxy190
solicitar-acesso-ao-grafana21;ciencia-e-tecnologia;Ciencia E Tecnologia;Solicitar acesso ao Grafana;SEGOV MS;Secretaria de Estado de Governo e Gestão Estratégica de Mato Grosso do Sul;Digital;https://www.ms.gov.br/ciencia-e-tecnologia/solicitar-acesso-ao-grafana21;1;ciencia-e-tecnologia//solicitar-acesso-ao-grafana21
icms-ecologico-componente-residuos-solidos13;meio-ambiente;Meio Ambiente;Requerer participação no rateio do ICMS Ecológico - Componente Resíduo Sólidos;IMASUL;Instituto de Meio Ambiente de Mato Grosso do Sul;Presencial;https://www.ms.gov.br/meio-ambiente/icms-ecologico-componente-residuos-solidos13;1;meio-ambiente//icms-ecologico-componente-residuos-solidos13
programa-conecta-ms111;ciencia-e-tecnologia;Ciencia E Tecnologia;Solicitar informações do programa CONECTA-MS;SEMADESC;Secretaria de Estado de Meio Ambiente, Desenvolvimento, Ciência, Tecnologia e Inovação de Mato Grosso do Sul;Presencial;https://www.ms.gov.br/ciencia-e-tecnologia/programa-conecta-ms111;1;ciencia-e-tecnologia//programa-conecta-ms111
servico-de-internacao-hospitalar176;saude-e-cuidado;Saude E Cuidado;Solicitar agendamento de internação para procedimentos e cirurgias;FUNSAU;Fundação Serviços de Saúde de MS;Presencial;https://www.ms.gov.br/saude-e-cuidado/servico-de-internacao-hospitalar176;1;saude-e-cuidado//servico-de-internacao-hospitalar176
pagar-o-recolhimento-previdenciario-servidor-licenciado-para-acompanhamento-de-conjuge154;trabalho-emprego-e-previdencia;Trabalho Emprego E Previdencia;Pagar contribuição previdenciária – servidor em licença para acompanhamento de cônjuge;AGEPREV;Agência de Previdência Social de Mato Grosso do Sul;Presencial;https://www.ms.gov.br/trabalho-emprego-e-previdencia/pagar-o-recolhimento-previdenciario-servidor-licenciado-para-acompanhamento-de-conjuge154;1;trabalho-emprego-e-previdencia//pagar-o-recolhimento-previdenciario-servidor-licenciado-para-acompanhamento-de-conjuge154
solicitar-treinamento-do-wordpress70;ciencia-e-tecnologia;Ciencia E Tecnologia;Solicitar treinamento do WordPress;SEGOV MS;Secretaria de Estado de Governo e Gestão Estratégica de Mato Grosso do Sul;Presencial;https://www.ms.gov.br/ciencia-e-tecnologia/solicitar-treinamento-do-wordpress70;1;ciencia-e-tecnologia//solicitar-treinamento-do-wordpress70
participar-da-consulta-publica-e-instrumentos-de-participacao-social-da-microrregiao-de-saneamento-basico-msb177;meio-ambiente;Meio Ambiente;Participar  da Consulta Pública e Instrumentos de Participação Social da Microrregião de Saneamento Básico (MSB);SEMADESC;Secretaria de Estado de Meio Ambiente, Desenvolvimento, Ciência, Tecnologia e Inovação de Mato Grosso do Sul;Digital;https://www.ms.gov.br/meio-ambiente/participar-da-consulta-publica-e-instrumentos-de-participacao-social-da-microrregiao-de-saneamento-basico-msb177;1;meio-ambiente//participar-da-consulta-publica-e-instrumentos-de-participacao-social-da-microrregiao-de-saneamento-basico-msb177
173-centro-de-equoterapia-da-pmms159;seguranca;Seguranca;Solicitar o atendimento equoterapêutico.;PMMS;Polícia Militar de Mato Grosso do Sul;Presencial;https://www.ms.gov.br/seguranca/173-centro-de-equoterapia-da-pmms159;1;seguranca//173-centro-de-equoterapia-da-pmms159
